"id","make","model","bike_subtype","type","year","license_class","description","daily_price","price_per_hour","price_per_3h","price_per_6h","price_per_12h","rent_weekday","rent_weekend","rent_2_4d","rent_5_10d","rent_11_30d","deposit_rub","image_url","gallery","features","power_kw","motor_peak_kw","motor_nominal_kw","power_hp","torque_nm","top_speed_kmh","range_km","battery","voltage_v","weight_kg","seat_height_mm","brake_type","suspension_type","frame_type","drive","color","charge_time_h","engine_cc","fuel_type","fuel_capacity_l","transmission","cooling","rent_link","specs_json"
"falcon-gt-2026","79BIKE","Falcon GT","Electric Enduro","Electric","2026","М (49 сс), подходят права В или А1","Мощный электрический эндуро-байк 79BIKE Falcon GT 2025: пиковая мощность 17 кВт, батарея Samsung 50S 72V 40Ah, запас хода до 120 км. Усиленная легкосплавная рама, подвеска Fastace, три режима мощности (Sport / Drive / Eco). Относится к классу М (49 сс) — подойдут автомобильные права, без регистрации и страховки.","12000","1200","8400","9600","10800","12000","14000","10000","8000","7000","15000","https://inmctohsodgdohamhzag.supabase.co/storage/v1/object/public/carpix/falcon-gt-2025/image_1.jpg","https://inmctohsodgdohamhzag.supabase.co/storage/v1/object/public/carpix/falcon-gt-2026/image_1.jpg|https://inmctohsodgdohamhzag.supabase.co/storage/v1/object/public/carpix/falcon-gt-2026/image_2.jpg|https://inmctohsodgdohamhzag.supabase.co/storage/v1/object/public/carpix/falcon-gt-2026/image_3.jpg|https://inmctohsodgdohamhzag.supabase.co/storage/v1/object/public/carpix/falcon-gt-2026/image_4.jpg|https://inmctohsodgdohamhzag.supabase.co/storage/v1/object/public/carpix/falcon-gt-2026/image_5.jpg|https://inmctohsodgdohamhzag.supabase.co/storage/v1/object/public/carpix/falcon-gt-2026/image_6.jpg|https://inmctohsodgdohamhzag.supabase.co/storage/v1/object/public/carpix/falcon-gt-2026/image_7.jpg|https://inmctohsodgdohamhzag.supabase.co/storage/v1/object/public/carpix/falcon-gt-2026/image_8.jpg|https://inmctohsodgdohamhzag.supabase.co/storage/v1/object/public/carpix/falcon-gt-2026/image_9.jpg","NFC старт; FOC контроллер, 3 режима мощности (Sport / Drive / Eco); FASTACE подвеска — перевернутая вилка + задний моноамортизатор; Усиленные гидравлические дисковые тормоза 220 мм (2,8 мм); Рекуперативное торможение; Усиленная легкосплавная рама, разработка 2025 года; Бесшумная езда; Класс М (49 сс) — права категории В, без регистрации","17","17","3.9","","610","100","120","72V 40Ah","72","69","820","Гидравлические дисковые 220 мм","FASTACE — перевернутая вилка + задний моноамортизатор","Усиленная легкосплавная, разработка 2025","Chain","Черный","3.5–4","","","","","","/rent/falcon-gt-2025","{""rent"": 1, ""sale"": true, ""type"": ""Electric"", ""year"": ""2026"", ""color"": ""Черный"", ""drive"": ""Chain"", ""rating"": 4.9, ""source"": ""https://m.vk.ru/product-171948289_13745774"", ""battery"": ""72V 40Ah"", ""gallery"": [""https://inmctohsodgdohamhzag.supabase.co/storage/v1/object/public/carpix/falcon-gt-2026/image_1.jpg"", ""https://inmctohsodgdohamhzag.supabase.co/storage/v1/object/public/carpix/falcon-gt-2026/image_2.jpg"", ""https://inmctohsodgdohamhzag.supabase.co/storage/v1/object/public/carpix/falcon-gt-2026/image_3.jpg"", ""https://inmctohsodgdohamhzag.supabase.co/storage/v1/object/public/carpix/falcon-gt-2026/image_4.jpg"", ""https://inmctohsodgdohamhzag.supabase.co/storage/v1/object/public/carpix/falcon-gt-2026/image_5.jpg"", ""https://inmctohsodgdohamhzag.supabase.co/storage/v1/object/public/carpix/falcon-gt-2026/image_6.jpg"", ""https://inmctohsodgdohamhzag.supabase.co/storage/v1/object/public/carpix/falcon-gt-2026/image_7.jpg"", ""https://inmctohsodgdohamhzag.supabase.co/storage/v1/object/public/carpix/falcon-gt-2026/image_8.jpg"", ""https://inmctohsodgdohamhzag.supabase.co/storage/v1/object/public/carpix/falcon-gt-2026/image_9.jpg""], ""features"": [""NFC старт"", ""FOC контроллер, 3 режима мощности (Sport / Drive / Eco)"", ""FASTACE подвеска — перевернутая вилка + задний моноамортизатор"", ""Усиленные гидравлические дисковые тормоза 220 мм (2,8 мм)"", ""Рекуперативное торможение"", ""Усиленная легкосплавная рама, разработка 2025 года"", ""Бесшумная езда"", ""Класс М (49 сс) — права категории В, без регистрации""], ""power_kw"": ""17"", ""range_km"": ""120"", ""subtitle"": ""Falcon GT 2025"", ""price_rub"": 390000, ""rent_2_4d"": 10000, ""torque_nm"": ""610"", ""voltage_v"": ""72"", ""weight_kg"": ""69"", ""brake_type"": ""Гидравлические дисковые 220 мм"", ""brand_type"": ""official_reseller"", ""buy_colors"": [{""id"": ""black"", ""hex"": ""#111111"", ""label"": ""Черный""}, {""id"": ""white"", ""hex"": ""#f8fafc"", ""label"": ""Белый""}], ""dailyPrice"": 12000, ""frame_type"": ""Усиленная легкосплавная, разработка 2025"", ""rent_5_10d"": 8000, ""sale_price"": 390000, ""sold_count"": 42, ""tires_rear"": ""90/90-18"", ""access_tier"": ""pro"", ""buy_options"": [{""id"": ""standard"", ""label"": ""Стандарт"", ""subtitle"": ""Базовая комплектация"", ""priceDelta"": 0}, {""id"": ""pro-battery"", ""label"": ""Pro Battery"", ""subtitle"": ""Увеличенный запас хода + зарядка 8A"", ""priceDelta"": 35000}, {""id"": ""factory-plus"", ""label"": ""Factory Plus"", ""subtitle"": ""Защита + усиленные компоненты для эндуро"", ""priceDelta"": 65000}], ""deposit_rub"": 15000, ""rent_11_30d"": 7000, ""spec_labels"": {""type"": ""Тип"", ""year"": ""Год"", ""color"": ""Цвет"", ""drive"": ""Привод"", ""rating"": ""Рейтинг"", ""battery"": ""Батарея"", ""power_kw"": ""Макс. мощность"", ""range_km"": ""Запас хода"", ""price_rub"": ""Цена"", ""rent_2_4d"": ""Аренда (2–4 суток)"", ""torque_nm"": ""Крутящий момент"", ""voltage_v"": ""Напряжение"", ""weight_kg"": ""Масса"", ""brake_type"": ""Тормоза"", ""brand_type"": ""Тип бренда"", ""dailyPrice"": ""Аренда (сутки)"", ""frame_type"": ""Рама"", ""rent_5_10d"": ""Аренда (5–10 суток)"", ""sale_price"": ""Цена продажи"", ""sold_count"": ""Продано"", ""tires_rear"": ""Задняя резина"", ""access_tier"": ""Уровень доступа"", ""rent_11_30d"": ""Аренда (11–30 суток)"", ""tires_front"": ""Передняя резина"", ""bike_subtype"": ""Тип мотоцикла"", ""price_per_3h"": ""Аренда (3 часа)"", ""price_per_6h"": ""Аренда (6 часов)"", ""rent_weekday"": ""Аренда (будни)"", ""rent_weekend"": ""Аренда (выходные)"", ""charge_time_h"": ""Время зарядки"", ""license_class"": ""Категория прав"", ""motor_peak_kw"": ""Пиковая мощность мотора"", ""price_per_12h"": ""Аренда (12 часов)"", ""top_speed_kmh"": ""Макс. скорость"", ""price_per_hour"": ""Аренда (1 час)"", ""seat_height_mm"": ""Высота по седлу"", ""suspension_type"": ""Подвеска"", ""motor_nominal_kw"": ""Номинальная мощность"", ""recommend_percent"": ""Рекомендация""}, ""tires_front"": ""70/100-19"", ""bike_subtype"": ""Electric Enduro"", ""price_per_3h"": 8400, ""price_per_6h"": 9600, ""rent_weekday"": 12000, ""rent_weekend"": 14000, ""charge_time_h"": ""3.5–4"", ""license_class"": ""М (49 сс), подходят права В или А1"", ""motor_peak_kw"": ""17"", ""price_per_12h"": 10800, ""top_speed_kmh"": ""100"", ""price_per_hour"": 1200, ""seat_height_mm"": ""820"", ""suspension_type"": ""FASTACE — перевернутая вилка + задний моноамортизатор"", ""motor_nominal_kw"": ""3.9"", ""recommend_percent"": 97, ""last_known_odometer"": 699, ""bike_engine_spec_line_1"": ""мощность двигателя (номинальная) 17 кВт"", ""bike_engine_spec_line_2"": ""максимальная конструктивная скорость 100 км/ч"", ""bike_engine_spec_line_3"": ""аккумулятор: тип/ёмкость 72V 40Ah (Samsung 50S, 2 880 Wh)""}"
"falcon-pro-2026","79BIKE","Falcon Pro","Electric Enduro","Electric","2026","М (49 сс), подходят права В или А1","Легендарный электробайк 79BIKE Falcon Pro 2025: пиковая мощность 10 кВт, номинальная 3,9 кВт. Лёгкий — всего 55 кг! Запас хода до 120 км, скорость до 100 км/ч. Создан для леса, трасс, дачи и экстрима. Класс М (49 сс), права категории В, без регистрации и страховки. Официальный представитель 79Bike — гарантия, запчасти, тест-драйв.","10000","1000","7000","8000","9000","10000","12000","8500","7000","6000","15000","https://inmctohsodgdohamhzag.supabase.co/storage/v1/object/public/carpix/falcon-pro/image_1.jpg","https://inmctohsodgdohamhzag.supabase.co/storage/v1/object/public/carpix/falcon-pro/image_1.jpg|https://inmctohsodgdohamhzag.supabase.co/storage/v1/object/public/carpix/falcon-pro/image_2.jpg|https://inmctohsodgdohamhzag.supabase.co/storage/v1/object/public/carpix/falcon-pro/image_3.jpg|https://inmctohsodgdohamhzag.supabase.co/storage/v1/object/public/carpix/falcon-pro/image_4.jpg|https://inmctohsodgdohamhzag.supabase.co/storage/v1/object/public/carpix/falcon-pro/image_5.jpg|https://inmctohsodgdohamhzag.supabase.co/storage/v1/object/public/carpix/falcon-pro/image_6.jpg|https://inmctohsodgdohamhzag.supabase.co/storage/v1/object/public/carpix/falcon-pro/image_7.jpg","NFC-ключ и бесшумный запуск; FOC контроллер, 3 режима мощности; Усиленная кроссовая подвеска; Гидравлические дисковые тормоза; Алюминиевая рама; Класс М (49 сс) — права В или А1, без регистрации; Всего 55 кг — легко грузить и маневрировать","10","10","3.9","","440","100","120","72V 35Ah","72","55","820","Гидравлические дисковые","Усиленная кроссовая","Алюминиевая","Chain","Белый","3.5","","","","","","/rent/falcon-pro-2025","{""rent"": 1, ""sale"": true, ""type"": ""Electric"", ""year"": ""2026"", ""color"": ""Белый"", ""drive"": ""Chain"", ""rating"": 4.8, ""source"": ""https://m.vk.ru/product-171948289_13745765"", ""battery"": ""72V 35Ah"", ""gallery"": [""https://inmctohsodgdohamhzag.supabase.co/storage/v1/object/public/carpix/falcon-pro/image_1.jpg"", ""https://inmctohsodgdohamhzag.supabase.co/storage/v1/object/public/carpix/falcon-pro/image_2.jpg"", ""https://inmctohsodgdohamhzag.supabase.co/storage/v1/object/public/carpix/falcon-pro/image_3.jpg"", ""https://inmctohsodgdohamhzag.supabase.co/storage/v1/object/public/carpix/falcon-pro/image_4.jpg"", ""https://inmctohsodgdohamhzag.supabase.co/storage/v1/object/public/carpix/falcon-pro/image_5.jpg"", ""https://inmctohsodgdohamhzag.supabase.co/storage/v1/object/public/carpix/falcon-pro/image_6.jpg"", ""https://inmctohsodgdohamhzag.supabase.co/storage/v1/object/public/carpix/falcon-pro/image_7.jpg""], ""features"": [""NFC-ключ и бесшумный запуск"", ""FOC контроллер, 3 режима мощности"", ""Усиленная кроссовая подвеска"", ""Гидравлические дисковые тормоза"", ""Алюминиевая рама"", ""Класс М (49 сс) — права В или А1, без регистрации"", ""Всего 55 кг — легко грузить и маневрировать""], ""power_kw"": ""10"", ""range_km"": ""120"", ""subtitle"": ""Falcon Pro 2025"", ""price_rub"": 310000, ""rent_2_4d"": 8500, ""torque_nm"": ""440"", ""voltage_v"": ""72"", ""weight_kg"": ""55"", ""brake_type"": ""Гидравлические дисковые"", ""brand_type"": ""official_reseller"", ""buy_colors"": [{""id"": ""gold"", ""hex"": ""#d4a843"", ""label"": ""Золотой""}, {""id"": ""purple"", ""hex"": ""#7c3aed"", ""label"": ""Фиолетовый""}, {""id"": ""red"", ""hex"": ""#dc2626"", ""label"": ""Красный""}], ""dailyPrice"": 10000, ""frame_type"": ""Алюминиевая"", ""rent_5_10d"": 7000, ""sale_price"": 310000, ""sold_count"": 18, ""access_tier"": ""entry"", ""buy_options"": [{""id"": ""standard"", ""label"": ""Стандарт"", ""subtitle"": ""Базовая комплектация Pro"", ""priceDelta"": 0}, {""id"": ""pro-battery"", ""label"": ""Pro Battery"", ""subtitle"": ""Батарея повышенной ёмкости 72V 40Ah + быстрая зарядка"", ""priceDelta"": 30000}, {""id"": ""factory-plus"", ""label"": ""Factory Plus"", ""subtitle"": ""Защита + усиленные компоненты для эндуро"", ""priceDelta"": 55000}], ""deposit_rub"": 15000, ""rent_11_30d"": 6000, ""spec_labels"": {""type"": ""Тип"", ""year"": ""Год"", ""color"": ""Цвет"", ""drive"": ""Привод"", ""rating"": ""Рейтинг"", ""battery"": ""Батарея"", ""power_kw"": ""Макс. мощность"", ""range_km"": ""Запас хода"", ""price_rub"": ""Цена"", ""rent_2_4d"": ""Аренда (2–4 суток)"", ""torque_nm"": ""Крутящий момент"", ""voltage_v"": ""Напряжение"", ""weight_kg"": ""Масса"", ""brake_type"": ""Тормоза"", ""brand_type"": ""Тип бренда"", ""dailyPrice"": ""Аренда (сутки)"", ""frame_type"": ""Рама"", ""rent_5_10d"": ""Аренда (5–10 суток)"", ""sale_price"": ""Цена продажи"", ""sold_count"": ""Продано"", ""access_tier"": ""Уровень доступа"", ""rent_11_30d"": ""Аренда (11–30 суток)"", ""bike_subtype"": ""Тип мотоцикла"", ""price_per_3h"": ""Аренда (3 часа)"", ""price_per_6h"": ""Аренда (6 часов)"", ""rent_weekday"": ""Аренда (будни)"", ""rent_weekend"": ""Аренда (выходные)"", ""charge_time_h"": ""Время зарядки"", ""license_class"": ""Категория прав"", ""motor_peak_kw"": ""Пиковая мощность мотора"", ""price_per_12h"": ""Аренда (12 часов)"", ""top_speed_kmh"": ""Макс. скорость"", ""price_per_hour"": ""Аренда (1 час)"", ""seat_height_mm"": ""Высота по седлу"", ""suspension_type"": ""Подвеска"", ""discount_percent"": ""Скидка"", ""motor_nominal_kw"": ""Номинальная мощность"", ""recommend_percent"": ""Рекомендация"", ""original_price_rub"": ""Старая цена""}, ""bike_subtype"": ""Electric Enduro"", ""price_per_3h"": 7000, ""price_per_6h"": 8000, ""rent_weekday"": 10000, ""rent_weekend"": 12000, ""charge_time_h"": ""3.5"", ""license_class"": ""М (49 сс), подходят права В или А1"", ""motor_peak_kw"": ""10"", ""price_per_12h"": 9000, ""top_speed_kmh"": ""100"", ""color_variants"": {""red"": {""title"": ""Falcon Pro Red"", ""gallery"": [""https://inmctohsodgdohamhzag.supabase.co/storage/v1/object/public/carpix/falcon-pro/image_6.jpg"", ""https://inmctohsodgdohamhzag.supabase.co/storage/v1/object/public/carpix/falcon-pro/image_7.jpg""]}, ""gold"": {""title"": ""Falcon Pro Gold"", ""gallery"": [""https://inmctohsodgdohamhzag.supabase.co/storage/v1/object/public/carpix/falcon-pro/image_1.jpg"", ""https://inmctohsodgdohamhzag.supabase.co/storage/v1/object/public/carpix/falcon-pro/image_2.jpg"", ""https://inmctohsodgdohamhzag.supabase.co/storage/v1/object/public/carpix/falcon-pro/image_3.jpg""]}, ""purple"": {""title"": ""Falcon Pro Purple"", ""gallery"": [""https://inmctohsodgdohamhzag.supabase.co/storage/v1/object/public/carpix/falcon-pro/image_4.jpg"", ""https://inmctohsodgdohamhzag.supabase.co/storage/v1/object/public/carpix/falcon-pro/image_5.jpg""]}}, ""price_per_hour"": 1000, ""seat_height_mm"": ""820"", ""suspension_type"": ""Усиленная кроссовая"", ""discount_percent"": 5, ""motor_nominal_kw"": ""3.9"", ""recommend_percent"": 94, ""original_price_rub"": 325000, ""bike_engine_spec_line_1"": ""мощность двигателя (номинальная) 10 кВт"", ""bike_engine_spec_line_2"": ""максимальная конструктивная скорость 100 км/ч"", ""bike_engine_spec_line_3"": ""аккумулятор: тип/ёмкость 72V 35Ah""}"
"aprilia-shiver","Aprilia","Shiver 750","Нейкед, бензиновый","ICE","2020","A","Aprilia Shiver 750 — итальянский нейкед с 750-кубовым V-твином, 95 л.с. и крутящим моментом 81 Нм. Ride-by-Wire с тремя режимами, TFT-дисплей APRILIA MIA, трекшн-контроль. Сухой вес 199 кг, высота по седлу 810 мм. Категория A.","12000","1200","5000","7000","9000","12000","15000","11000","9000","8000","20000","https://inmctohsodgdohamhzag.supabase.co/storage/v1/object/public/carpix/aprilia-shiver/image_1.jpg","https://inmctohsodgdohamhzag.supabase.co/storage/v1/object/public/carpix/aprilia-shiver/image_1.jpg","Ride-by-Wire с тремя режимами (Sport/Touring/Rain); TFT-дисплей APRILIA MIA; Трекшн-контроль; Светодиодная оптика; Регулируемая перевёрнутая вилка 41 мм","70","","","95","81","215","300","","","199","810","Дисковые гидравлические (передние 2×320 мм, задний 240 мм), ABS","Перевёрнутая вилка 41 мм, задний моноамортизатор","Стальная трубчатая с алюминиевыми боковинами","Цепь, 6-ступенчатая","","","750","АИ-95","15","6-ступенчатая","Жидкостное","","{""vin"": ""ZB4RAE00XC8003647"", ""make"": ""Aprilia"", ""rent"": ""1"", ""type"": ""ICE"", ""year"": ""2020"", ""drive"": ""Цепь, 6-ступенчатая"", ""model"": ""Shiver 750"", ""rating"": ""4.7"", ""cooling"": ""Жидкостное"", ""gallery"": [""https://inmctohsodgdohamhzag.supabase.co/storage/v1/object/public/carpix/aprilia-shiver/image_1.jpg""], ""features"": ""Ride-by-Wire с тремя режимами (Sport/Touring/Rain),TFT-дисплей APRILIA MIA,Трекшн-контроль,Светодиодная оптика,Регулируемая перевёрнутая вилка 41 мм"", ""power_hp"": ""95"", ""power_kw"": ""70"", ""range_km"": ""300"", ""subtitle"": ""Aprilia Shiver 750"", ""engine_cc"": ""750"", ""fuel_type"": ""АИ-95"", ""rent_2_4d"": ""11000"", ""torque_nm"": ""81"", ""weight_kg"": ""199"", ""brake_type"": ""Дисковые гидравлические (передние 2×320 мм, задний 240 мм), ABS"", ""brand_type"": ""manufacturer_data"", ""buy_colors"": ""[object Object],[object Object],[object Object]"", ""dailyPrice"": ""12000"", ""frame_type"": ""Стальная трубчатая с алюминиевыми боковинами"", ""rent_5_10d"": ""9000"", ""tires_rear"": ""180/55-ZR17"", ""access_tier"": ""pro"", ""deposit_rub"": 20000, ""rent_11_30d"": ""8000"", ""spec_labels"": ""[object Object]"", ""tires_front"": ""120/70-ZR17"", ""bike_subtype"": ""Нейкед, бензиновый"", ""price_per_3h"": ""5000"", ""price_per_6h"": ""7000"", ""rent_weekday"": ""12000"", ""rent_weekend"": ""15000"", ""transmission"": ""6-ступенчатая"", ""wheelbase_mm"": ""1465"", ""dimensions_mm"": ""2130 x 810 x 1110"", ""license_class"": ""A"", ""price_per_12h"": ""9000"", ""top_speed_kmh"": ""215"", ""price_per_hour"": ""1200"", ""seat_height_mm"": ""810"", ""fuel_capacity_l"": ""15"", ""suspension_type"": ""Перевёрнутая вилка 41 мм, задний моноамортизатор""}"
"bmw-f800r","BMW","F800R","Naked Roadster","ICE","2015","А (полноценный мотоцикл, требуется категория А)","BMW F800R — динамичный нейкед-роадстер с рядным двухцилиндровым двигателем 798 куб. см (90 л.с., 86 Нм). Жидкостное охлаждение, 6-ступенчатая КПП, Brembo тормоза с ABS. Полноценный мотоцикл категории А — для опытных райдеров. Идеален для города и загородных поездок.","12000","1200","8400","9600","10800","12000","14000","11000","9000","8000","20000","https://inmctohsodgdohamhzag.supabase.co/storage/v1/object/public/carpix/bmw-f800r/image_1.jpg","https://inmctohsodgdohamhzag.supabase.co/storage/v1/object/public/carpix/bmw-f800r/image_1.jpg|https://inmctohsodgdohamhzag.supabase.co/storage/v1/object/public/carpix/bmw-f800r/image_2.jpg|https://inmctohsodgdohamhzag.supabase.co/storage/v1/object/public/carpix/bmw-f800r/image_3.jpg|https://inmctohsodgdohamhzag.supabase.co/storage/v1/object/public/carpix/bmw-f800r/image_4.jpg","798cc параллельный твин; 90 л.с.; Охлаждение жидкостное; 6-ступенчатая коробка передач; Brembo тормоза (2x320мм перед; 265мм зад); Перевёрнутая вилка upside-down; ABS (отключаемый); Светодиодная оптика; Категория А — полноценный мотоцикл; Регулируемая подвеска","","","","90","86","200","","","","204","800","Дисковые Brembo","Перевёрнутая вилка, моноамортизатор (регулируемые)","Алюминиевая","Chain","Белый/Чёрный","","798","АИ-95","15","6-ступенчатая","Жидкостное","/rent/bmw-f800r","{""vin"": ""WB1021708AZS43684"", ""rent"": ""1"", ""sale"": ""true"", ""type"": ""ICE"", ""year"": ""2015"", ""color"": ""Белый/Чёрный"", ""drive"": ""Chain"", ""rating"": ""4.7"", ""cooling"": ""Жидкостное"", ""gallery"": [""https://inmctohsodgdohamhzag.supabase.co/storage/v1/object/public/carpix/bmw-f800r/image_1.jpg"", ""https://inmctohsodgdohamhzag.supabase.co/storage/v1/object/public/carpix/bmw-f800r/image_2.jpg"", ""https://inmctohsodgdohamhzag.supabase.co/storage/v1/object/public/carpix/bmw-f800r/image_3.jpg"", ""https://inmctohsodgdohamhzag.supabase.co/storage/v1/object/public/carpix/bmw-f800r/image_4.jpg""], ""features"": ""798cc параллельный твин, 90 л.с.,Охлаждение жидкостное,6-ступенчатая коробка передач,Brembo тормоза (2x320мм перед, 265мм зад),Перевёрнутая вилка upside-down,ABS (отключаемый),Светодиодная оптика,Категория А — полноценный мотоцикл,Регулируемая подвеска"", ""power_hp"": ""90"", ""subtitle"": ""BMW F800R"", ""engine_cc"": ""798"", ""fuel_type"": ""АИ-95"", ""price_rub"": ""600000"", ""rent_2_4d"": ""11000"", ""torque_nm"": ""86"", ""video_url"": ""https://inmctohsodgdohamhzag.supabase.co/storage/v1/object/public/carpix/bmw-f800r/promo.mp4"", ""weight_kg"": ""204"", ""brake_type"": ""Дисковые Brembo"", ""brand_type"": ""dealer_used"", ""dailyPrice"": ""12000"", ""frame_type"": ""Алюминиевая"", ""rent_5_10d"": ""9000"", ""sale_price"": ""600000"", ""sold_count"": ""0"", ""tires_rear"": ""180/55 ZR17"", ""access_tier"": ""pro"", ""deposit_rub"": 20000, ""rent_11_30d"": ""8000"", ""spec_labels"": ""[object Object]"", ""tires_front"": ""120/70 ZR17"", ""bike_subtype"": ""Naked Roadster"", ""price_per_3h"": ""8400"", ""price_per_6h"": ""9600"", ""rent_weekday"": ""12000"", ""rent_weekend"": ""14000"", ""transmission"": ""6-ступенчатая"", ""license_class"": ""А (полноценный мотоцикл, требуется категория А)"", ""price_per_12h"": ""10800"", ""top_speed_kmh"": ""200"", ""price_per_hour"": ""1200"", ""seat_height_mm"": ""800"", ""fuel_capacity_l"": ""15"", ""suspension_type"": ""Перевёрнутая вилка, моноамортизатор (регулируемые)"", ""recommend_percent"": ""85"", ""last_known_odometer"": 39186, ""bike_engine_spec_line_1"": ""рабочий объём 798 куб. см, мощность 90 л.с."", ""bike_engine_spec_line_2"": ""максимальная конструктивная скорость 200 км/ч"", ""bike_engine_spec_line_3"": """", ""fuel_consumption_l_100km"": ""5.2""}"
"ducati-panigale-s-electro-black-chain","Ducati","Panigale S Electro Black","Электроспортбайк (реплика)","Electric","2025","М (права В или М1, без регистрации)","Электроспортбайк Ducati Panigale S Electro Black — классическая китайская реплика Panigale в чёрном. Мотор-колесо 5 кВт, батарея 72V 120Ah, запас хода до 150 км. Права В или М1, без регистрации.","10000","1000","7000","8000","9000","10000","11500","8500","8000","7000","","https://inmctohsodgdohamhzag.supabase.co/storage/v1/object/public/carpix/ducati-panigale-s-electro-black/image_1.jpg","https://inmctohsodgdohamhzag.supabase.co/storage/v1/object/public/carpix/ducati-panigale-s-electro-black/image_1.jpg","Мотор-колесо 5 кВт на мономаятнике; Визуальная копия Ducati Panigale S; 3 режима мощности; Гидравлические дисковые тормоза; Перевернутая вилка; Задний моноамортизатор; Класс М — права В или М1, без регистрации; Светодиодная оптика","5","","","","280","90","150","72V 120Ah (Li-Ion)","72","150","800","Гидравлические дисковые","","Стальная (китайская реплика)","Hub motor (мотор-колесо)","Чёрный","6–8","","","","","","/rent/ducati-panigale-s-electro-black-chain","{""id"": ""ducati-panigale-s-electro-black-chain"", ""make"": ""Ducati"", ""rent"": 1, ""sale"": true, ""type"": ""Electric"", ""year"": ""2025"", ""color"": ""Чёрный"", ""drive"": ""Hub motor (мотор-колесо)"", ""model"": ""Panigale S Electro Black"", ""rating"": 4.6, ""battery"": ""72V 120Ah (Li-Ion)"", ""gallery"": [""https://inmctohsodgdohamhzag.supabase.co/storage/v1/object/public/carpix/ducati-panigale-s-electro-black/image_1.jpg""], ""features"": [""Мотор-колесо 5 кВт на мономаятнике"", ""Визуальная копия Ducati Panigale S"", ""3 режима мощности"", ""Гидравлические дисковые тормоза"", ""Перевернутая вилка"", ""Задний моноамортизатор"", ""Класс М — права В или М1, без регистрации"", ""Светодиодная оптика""], ""power_kw"": ""5"", ""range_km"": ""150"", ""subtitle"": ""Ducati Panigale S Electro Black"", ""price_rub"": 600000, ""rent_2_4d"": 8500, ""torque_nm"": ""280"", ""voltage_v"": ""72"", ""weight_kg"": ""150"", ""brake_type"": ""Гидравлические дисковые"", ""brand_type"": ""dealer_data"", ""dailyPrice"": 10000, ""frame_type"": ""Стальная (китайская реплика)"", ""rent_5_10d"": 8000, ""sale_price"": 600000, ""access_tier"": ""entry"", ""description"": ""Электроспортбайк Ducati Panigale S Electro Black — классическая китайская реплика Panigale в чёрном. Мотор-колесо 5 кВт, батарея 72V 120Ah, запас хода до 150 км. Права В или М1, без регистрации."", ""rent_11_30d"": 7000, ""spec_labels"": {""make"": ""Производитель"", ""type"": ""Тип"", ""year"": ""Год"", ""color"": ""Цвет"", ""drive"": ""Привод"", ""model"": ""Модель"", ""rating"": ""Рейтинг"", ""battery"": ""Батарея"", ""power_kw"": ""Мощность"", ""range_km"": ""Запас хода"", ""price_rub"": ""Цена"", ""rent_2_4d"": ""Аренда (2–4 суток)"", ""torque_nm"": ""Крутящий момент"", ""voltage_v"": ""Напряжение"", ""weight_kg"": ""Масса"", ""brake_type"": ""Тормоза"", ""brand_type"": ""Тип бренда"", ""dailyPrice"": ""Аренда (сутки)"", ""frame_type"": ""Рама"", ""rent_5_10d"": ""Аренда (5–10 суток)"", ""sale_price"": ""Цена продажи"", ""access_tier"": ""Уровень доступа"", ""rent_11_30d"": ""Аренда (11–30 суток)"", ""bike_subtype"": ""Тип мотоцикла"", ""price_per_3h"": ""Аренда (3 часа)"", ""price_per_6h"": ""Аренда (6 часов)"", ""rent_weekday"": ""Аренда (будни)"", ""rent_weekend"": ""Аренда (выходные)"", ""charge_time_h"": ""Время зарядки"", ""license_class"": ""Категория прав"", ""price_per_12h"": ""Аренда (12 часов)"", ""top_speed_kmh"": ""Макс. скорость"", ""price_per_hour"": ""Аренда (1 час)"", ""seat_height_mm"": ""Высота по седлу""}, ""bike_subtype"": ""Электроспортбайк (реплика)"", ""price_per_3h"": 7000, ""price_per_6h"": 8000, ""rent_weekday"": 10000, ""rent_weekend"": 11500, ""charge_time_h"": ""6–8"", ""license_class"": ""М (права В или М1, без регистрации)"", ""price_per_12h"": 9000, ""top_speed_kmh"": ""90"", ""price_per_hour"": 1000, ""seat_height_mm"": ""800""}"
"ducati-panigale-s-electro-black-aero","Ducati","Panigale S Electro Black Aero","Электроспортбайк (реплика)","Electric","2025","М (права В или М1, без регистрации)","Электроспортбайк Ducati Panigale S Electro Black Aero — китайская реплика Panigale в матовом чёрном с аэрографией. Мотор-колесо 5 кВт, батарея 72V 120Ah, запас хода 150 км. Права В или М1, без регистрации.","10000","1000","7000","8000","9000","10000","11500","8500","8000","7000","20000","https://inmctohsodgdohamhzag.supabase.co/storage/v1/object/public/carpix/ducati-panigale-s-electro-black-aero/image_1.jpg","https://inmctohsodgdohamhzag.supabase.co/storage/v1/object/public/carpix/ducati-panigale-s-electro-black-aero/image_1.jpg","Мотор-колесо 5 кВт на мономаятнике; Визуальная копия Ducati Panigale S; 3 режима мощности; Гидравлические дисковые тормоза; Перевернутая вилка; Задний моноамортизатор; Класс М — права В или М1, без регистрации; Светодиодная оптика","5","","","","280","90","150","72V 120Ah (Li-Ion)","72","150","800","Гидравлические дисковые","","Стальная (китайская реплика)","Hub motor (мотор-колесо)","Чёрный матовый","6–8","","","","","","/rent/ducati-panigale-s-electro-black-aero","{""id"": ""ducati-panigale-s-electro-black-aero"", ""vin"": ""LJ7WTO2E9S1822651"", ""make"": ""Ducati"", ""rent"": 1, ""sale"": true, ""type"": ""Electric"", ""year"": ""2025"", ""color"": ""Чёрный матовый"", ""drive"": ""Hub motor (мотор-колесо)"", ""model"": ""Panigale S Electro Black Aero"", ""rating"": 4.8, ""battery"": ""72V 120Ah (Li-Ion)"", ""gallery"": [""https://inmctohsodgdohamhzag.supabase.co/storage/v1/object/public/carpix/ducati-panigale-s-electro-black-aero/image_1.jpg""], ""features"": [""Мотор-колесо 5 кВт на мономаятнике"", ""Визуальная копия Ducati Panigale S"", ""3 режима мощности"", ""Гидравлические дисковые тормоза"", ""Перевернутая вилка"", ""Задний моноамортизатор"", ""Класс М — права В или М1, без регистрации"", ""Светодиодная оптика""], ""power_kw"": ""5"", ""range_km"": ""150"", ""subtitle"": ""Ducati Panigale S Electro Black Aero"", ""price_rub"": 600000, ""rent_2_4d"": 8500, ""torque_nm"": ""280"", ""voltage_v"": ""72"", ""weight_kg"": ""150"", ""brake_type"": ""Гидравлические дисковые"", ""brand_type"": ""dealer_data"", ""dailyPrice"": 10000, ""frame_type"": ""Стальная (китайская реплика)"", ""rent_5_10d"": 8000, ""sale_price"": 600000, ""access_tier"": ""entry"", ""deposit_rub"": 20000, ""description"": ""Электроспортбайк Ducati Panigale S Electro Black Aero — китайская реплика Panigale в матовом чёрном с аэрографией. Мотор-колесо 5 кВт, батарея 72V 120Ah, запас хода 150 км. Права В или М1, без регистрации."", ""rent_11_30d"": 7000, ""spec_labels"": {""make"": ""Производитель"", ""type"": ""Тип"", ""year"": ""Год"", ""color"": ""Цвет"", ""drive"": ""Привод"", ""model"": ""Модель"", ""rating"": ""Рейтинг"", ""battery"": ""Батарея"", ""power_kw"": ""Мощность"", ""range_km"": ""Запас хода"", ""price_rub"": ""Цена"", ""rent_2_4d"": ""Аренда (2–4 суток)"", ""torque_nm"": ""Крутящий момент"", ""voltage_v"": ""Напряжение"", ""weight_kg"": ""Масса"", ""brake_type"": ""Тормоза"", ""brand_type"": ""Тип бренда"", ""dailyPrice"": ""Аренда (сутки)"", ""frame_type"": ""Рама"", ""rent_5_10d"": ""Аренда (5–10 суток)"", ""sale_price"": ""Цена продажи"", ""access_tier"": ""Уровень доступа"", ""rent_11_30d"": ""Аренда (11–30 суток)"", ""bike_subtype"": ""Тип мотоцикла"", ""price_per_3h"": ""Аренда (3 часа)"", ""price_per_6h"": ""Аренда (6 часов)"", ""rent_weekday"": ""Аренда (будни)"", ""rent_weekend"": ""Аренда (выходные)"", ""charge_time_h"": ""Время зарядки"", ""license_class"": ""Категория прав"", ""price_per_12h"": ""Аренда (12 часов)"", ""top_speed_kmh"": ""Макс. скорость"", ""price_per_hour"": ""Аренда (1 час)"", ""seat_height_mm"": ""Высота по седлу""}, ""bike_subtype"": ""Электроспортбайк (реплика)"", ""price_per_3h"": 7000, ""price_per_6h"": 8000, ""rent_weekday"": 10000, ""rent_weekend"": 11500, ""charge_time_h"": ""6–8"", ""license_class"": ""М (права В или М1, без регистрации)"", ""price_per_12h"": 9000, ""top_speed_kmh"": ""90"", ""price_per_hour"": 1000, ""seat_height_mm"": ""800""}"
"ducati-panigale-s-electro-black","Ducati","Panigale S Electro Black Z","Электроспортбайк (реплика)","Electric","2025","М (права В или М1, без регистрации)","Электроспортбайк Ducati Panigale S Electro Black — классическая китайская реплика Panigale в чёрном. Мотор-колесо 5 кВт, батарея 72V 120Ah, запас хода до 150 км. Права В или М1, без регистрации.","10000","1000","7000","8000","9000","10000","11500","8500","8000","7000","20000","https://inmctohsodgdohamhzag.supabase.co/storage/v1/object/public/carpix/ducati-panigale-s-electro-black/image_1.jpg","https://inmctohsodgdohamhzag.supabase.co/storage/v1/object/public/carpix/ducati-panigale-s-electro-black/image_1.jpg","Мотор-колесо 5 кВт на мономаятнике; Визуальная копия Ducati Panigale S; 3 режима мощности; Гидравлические дисковые тормоза; Перевернутая вилка; Задний моноамортизатор; Класс М — права В или М1, без регистрации; Светодиодная оптика","5","","","","280","90","150","72V 120Ah (Li-Ion)","72","150","800","Гидравлические дисковые","","Стальная (китайская реплика)","Hub motor (мотор-колесо)","Чёрный","6–8","","","","","","/rent/ducati-panigale-s-electro-black","{""id"": ""ducati-panigale-s-electro-black"", ""vin"": ""LJ7WT02E941820418"", ""make"": ""Ducati"", ""rent"": 1, ""sale"": true, ""type"": ""Electric"", ""year"": ""2025"", ""color"": ""Чёрный"", ""drive"": ""Hub motor (мотор-колесо)"", ""model"": ""Panigale S Electro Black"", ""rating"": 4.6, ""battery"": ""72V 120Ah (Li-Ion)"", ""gallery"": [""https://inmctohsodgdohamhzag.supabase.co/storage/v1/object/public/carpix/ducati-panigale-s-electro-black/image_1.jpg""], ""features"": [""Мотор-колесо 5 кВт на мономаятнике"", ""Визуальная копия Ducati Panigale S"", ""3 режима мощности"", ""Гидравлические дисковые тормоза"", ""Перевернутая вилка"", ""Задний моноамортизатор"", ""Класс М — права В или М1, без регистрации"", ""Светодиодная оптика""], ""power_kw"": ""5"", ""range_km"": ""150"", ""subtitle"": ""Ducati Panigale S Electro Black"", ""price_rub"": 600000, ""rent_2_4d"": 8500, ""torque_nm"": ""280"", ""voltage_v"": ""72"", ""weight_kg"": ""150"", ""brake_type"": ""Гидравлические дисковые"", ""brand_type"": ""dealer_data"", ""dailyPrice"": 10000, ""frame_type"": ""Стальная (китайская реплика)"", ""rent_5_10d"": 8000, ""sale_price"": 600000, ""access_tier"": ""entry"", ""deposit_rub"": 20000, ""description"": ""Электроспортбайк Ducati Panigale S Electro Black — классическая китайская реплика Panigale в чёрном. Мотор-колесо 5 кВт, батарея 72V 120Ah, запас хода до 150 км. Права В или М1, без регистрации."", ""rent_11_30d"": 7000, ""spec_labels"": {""make"": ""Производитель"", ""type"": ""Тип"", ""year"": ""Год"", ""color"": ""Цвет"", ""drive"": ""Привод"", ""model"": ""Модель"", ""rating"": ""Рейтинг"", ""battery"": ""Батарея"", ""power_kw"": ""Мощность"", ""range_km"": ""Запас хода"", ""price_rub"": ""Цена"", ""rent_2_4d"": ""Аренда (2–4 суток)"", ""torque_nm"": ""Крутящий момент"", ""voltage_v"": ""Напряжение"", ""weight_kg"": ""Масса"", ""brake_type"": ""Тормоза"", ""brand_type"": ""Тип бренда"", ""dailyPrice"": ""Аренда (сутки)"", ""frame_type"": ""Рама"", ""rent_5_10d"": ""Аренда (5–10 суток)"", ""sale_price"": ""Цена продажи"", ""access_tier"": ""Уровень доступа"", ""rent_11_30d"": ""Аренда (11–30 суток)"", ""bike_subtype"": ""Тип мотоцикла"", ""price_per_3h"": ""Аренда (3 часа)"", ""price_per_6h"": ""Аренда (6 часов)"", ""rent_weekday"": ""Аренда (будни)"", ""rent_weekend"": ""Аренда (выходные)"", ""charge_time_h"": ""Время зарядки"", ""license_class"": ""Категория прав"", ""price_per_12h"": ""Аренда (12 часов)"", ""top_speed_kmh"": ""Макс. скорость"", ""price_per_hour"": ""Аренда (1 час)"", ""seat_height_mm"": ""Высота по седлу""}, ""bike_subtype"": ""Электроспортбайк (реплика)"", ""price_per_3h"": 7000, ""price_per_6h"": 8000, ""rent_weekday"": 10000, ""rent_weekend"": 11500, ""charge_time_h"": ""6–8"", ""license_class"": ""М (права В или М1, без регистрации)"", ""price_per_12h"": 9000, ""top_speed_kmh"": ""90"", ""price_per_hour"": 1000, ""seat_height_mm"": ""800"", ""last_known_odometer"": 6666}"
"ducati-panigale-s-electro-gold","Ducati","Panigale S Electro Gold","Электроспортбайк (реплика)","Electric","2025","М (права В или М1, без регистрации)","Электроспортбайк Ducati Panigale S Electro Gold — стильная китайская реплика Panigale в золотом цвете. Мотор-колесо 5 кВт, батарея 72V 120Ah, запас хода 150 км. Права В или М1, без регистрации.","10000","1000","7000","8000","9000","10000","11500","8500","8000","7000","20000","https://inmctohsodgdohamhzag.supabase.co/storage/v1/object/public/carpix/ducati-panigale-s-electro-gold/image_1.jpg","https://inmctohsodgdohamhzag.supabase.co/storage/v1/object/public/carpix/ducati-panigale-s-electro-gold/image_1.jpg","Мотор-колесо 5 кВт на мономаятнике; Визуальная копия Ducati Panigale S; 3 режима мощности; Гидравлические дисковые тормоза; Перевернутая вилка; Задний моноамортизатор; Класс М — права В или М1; без регистрации; Светодиодная оптика","5","","","","280","90","150","72V 120Ah (Li-Ion)","72","150","800","Гидравлические дисковые","","Стальная (китайская реплика)","Hub motor (мотор-колесо)","Золотой","6–8","","","","","","/rent/ducati-panigale-s-electro-gold","{""id"": ""ducati-panigale-s-electro-gold"", ""vin"": ""LJWT02E9R1820418"", ""make"": ""Ducati"", ""rent"": ""1"", ""sale"": ""true"", ""type"": ""Electric"", ""year"": ""2025"", ""color"": ""Золотой"", ""drive"": ""Hub motor (мотор-колесо)"", ""model"": ""Panigale S Electro Gold"", ""rating"": ""4.7"", ""battery"": ""72V 120Ah (Li-Ion)"", ""gallery"": [""https://inmctohsodgdohamhzag.supabase.co/storage/v1/object/public/carpix/ducati-panigale-s-electro-gold/image_1.jpg""], ""features"": ""Мотор-колесо 5 кВт на мономаятнике,Визуальная копия Ducati Panigale S,3 режима мощности,Гидравлические дисковые тормоза,Перевернутая вилка,Задний моноамортизатор,Класс М — права В или М1, без регистрации,Светодиодная оптика"", ""power_kw"": ""5"", ""range_km"": ""150"", ""subtitle"": ""Ducati Panigale S Electro Gold"", ""price_rub"": ""600000"", ""rent_2_4d"": ""8500"", ""torque_nm"": ""280"", ""voltage_v"": ""72"", ""weight_kg"": ""150"", ""brake_type"": ""Гидравлические дисковые"", ""brand_type"": ""dealer_data"", ""dailyPrice"": ""10000"", ""frame_type"": ""Стальная (китайская реплика)"", ""rent_5_10d"": ""8000"", ""sale_price"": ""600000"", ""access_tier"": ""entry"", ""deposit_rub"": 20000, ""description"": ""Электроспортбайк Ducati Panigale S Electro Gold — стильная китайская реплика Panigale в золотом цвете. Мотор-колесо 5 кВт, батарея 72V 120Ah, запас хода 150 км. Права В или М1, без регистрации."", ""rent_11_30d"": ""7000"", ""spec_labels"": ""[object Object]"", ""bike_subtype"": ""Электроспортбайк (реплика)"", ""price_per_3h"": ""7000"", ""price_per_6h"": ""8000"", ""rent_weekday"": ""10000"", ""rent_weekend"": ""11500"", ""charge_time_h"": ""6–8"", ""license_class"": ""М (права В или М1, без регистрации)"", ""price_per_12h"": ""9000"", ""top_speed_kmh"": ""90"", ""price_per_hour"": ""1000"", ""seat_height_mm"": ""800"", ""last_known_odometer"": ""1191""}"
"hmd-m02","HMD","M02 (GT-EM07)","Электроэндуро","Electric","2025","М (права не требуются)","HMD M02 (GT-EM07) — современный электрический эндуро для леса, грунта и активного отдыха. Лёгкий (71 кг), манёвренный, бесшумный. Колёса 17/14, запас хода до 60 км.","6000","600","4200","4800","5400","6000","7000","5000","4500","4000","20000","https://inmctohsodgdohamhzag.supabase.co/storage/v1/object/public/carpix/hmd-m02/image_1.jpg","https://inmctohsodgdohamhzag.supabase.co/storage/v1/object/public/carpix/hmd-m02/image_1.jpg","Мгновенная тяга; Бесшумная работа; Без бензина и масла; Лёгкий — 71 кг; Колёса 17/14; Класс М","3","4.5","3","","120","75","60","48V 25Ah","48","71","780","Гидравлические дисковые","","Стальная","Цепь","Чёрный","4–5","","","","","","/rent/hmd-m02","{""vin"": ""R42MN1000TA000063"", ""rent"": ""1"", ""sale"": ""true"", ""type"": ""Electric"", ""year"": ""2025"", ""color"": ""Чёрный"", ""drive"": ""Цепь"", ""rating"": ""4.5"", ""battery"": ""48V 25Ah"", ""gallery"": [""https://inmctohsodgdohamhzag.supabase.co/storage/v1/object/public/carpix/hmd-m02/image_1.jpg""], ""features"": ""Мгновенная тяга,Бесшумная работа,Без бензина и масла,Лёгкий — 71 кг,Колёса 17/14,Класс М"", ""power_kw"": ""3"", ""range_km"": ""60"", ""price_rub"": ""180000"", ""rent_2_4d"": ""5000"", ""torque_nm"": ""120"", ""voltage_v"": ""48"", ""weight_kg"": ""71"", ""brake_type"": ""Гидравлические дисковые"", ""brand_type"": ""community"", ""dailyPrice"": ""6000"", ""frame_type"": ""Стальная"", ""rent_5_10d"": ""4500"", ""sale_price"": ""140000"", ""access_tier"": ""entry"", ""deposit_rub"": 20000, ""rent_11_30d"": ""4000"", ""spec_labels"": ""[object Object]"", ""bike_subtype"": ""Электроэндуро"", ""price_per_3h"": ""4200"", ""price_per_6h"": ""4800"", ""rent_weekday"": ""6000"", ""rent_weekend"": ""7000"", ""charge_time_h"": ""4–5"", ""license_class"": ""М (права не требуются)"", ""motor_peak_kw"": ""4.5"", ""price_per_12h"": ""5400"", ""top_speed_kmh"": ""75"", ""price_per_hour"": ""600"", ""seat_height_mm"": ""780"", ""motor_nominal_kw"": ""3""}"
"jilang-max-pro","Jilang","Max Pro","Макси-скутер","ICE","2023","М","Jilang Max Pro — стильный и доступный крузер с V-образным двухцилиндровым двигателем 250 куб. см (18 л.с., 17 Нм). Воздушно-масляное охлаждение, 5-ступенчатая КПП, дисковые тормоза. Полноценный мотоцикл категории А — отлично подходит для неспешной городской езды и загородных прогулок. Классический дизайн и комфортная посадка.","8000","800","5600","6400","7200","8000","9000","7000","6500","5000","20000","https://inmctohsodgdohamhzag.supabase.co/storage/v1/object/public/carpix/jilang-max-pro/image_1.jpg","https://inmctohsodgdohamhzag.supabase.co/storage/v1/object/public/carpix/jilang-max-pro/image_1.jpg|https://inmctohsodgdohamhzag.supabase.co/storage/v1/object/public/carpix/jilang-max-pro/image_2.jpg|https://inmctohsodgdohamhzag.supabase.co/storage/v1/object/public/carpix/jilang-max-pro/image_3.jpg|https://inmctohsodgdohamhzag.supabase.co/storage/v1/object/public/carpix/jilang-max-pro/image_4.jpg","250cc V-twin двигатель, 18 л.с.; Охлаждение воздушно-масляное; 5-ступенчатая коробка передач; Дисковые тормоза; Классическая крузерская посадка; Кастомный внешний вид; Категория А — полноценный мотоцикл; Стальная рама","","","","18","17","120","","","","165","720","Дисковые","Телескопическая вилка спереди, двойные амортизаторы сзади","Стальная трубчатая","Chain","Чёрный","","250","АИ-92","14","5-ступенчатая","Воздушно-масляное","/rent/jilang-max-pro","{""make"": ""Jilang"", ""rent"": 1, ""sale"": true, ""type"": ""ICE"", ""year"": ""2023"", ""color"": ""Чёрный"", ""drive"": ""Chain"", ""rating"": 4.5, ""cooling"": ""Воздушно-масляное"", ""gallery"": [""https://inmctohsodgdohamhzag.supabase.co/storage/v1/object/public/carpix/jilang-max-pro/image_1.jpg"", ""https://inmctohsodgdohamhzag.supabase.co/storage/v1/object/public/carpix/jilang-max-pro/image_2.jpg"", ""https://inmctohsodgdohamhzag.supabase.co/storage/v1/object/public/carpix/jilang-max-pro/image_3.jpg"", ""https://inmctohsodgdohamhzag.supabase.co/storage/v1/object/public/carpix/jilang-max-pro/image_4.jpg""], ""features"": [""250cc V-twin двигатель, 18 л.с."", ""Охлаждение воздушно-масляное"", ""5-ступенчатая коробка передач"", ""Дисковые тормоза"", ""Классическая крузерская посадка"", ""Кастомный внешний вид"", ""Категория А — полноценный мотоцикл"", ""Стальная рама""], ""power_hp"": ""18"", ""subtitle"": ""Jilang Max Pro"", ""engine_cc"": ""250"", ""fuel_type"": ""АИ-92"", ""price_rub"": 350000, ""rent_2_4d"": 7000, ""torque_nm"": ""17"", ""video_url"": ""https://inmctohsodgdohamhzag.supabase.co/storage/v1/object/public/carpix/jilang-max-pro/promo.mp4"", ""weight_kg"": ""165"", ""brake_type"": ""Дисковые"", ""brand_type"": ""dealer_new"", ""dailyPrice"": 8000, ""frame_type"": ""Стальная трубчатая"", ""rent_5_10d"": 6500, ""sale_price"": 350000, ""sold_count"": 0, ""tires_rear"": ""130/90-15"", ""access_tier"": ""entry"", ""deposit_rub"": 20000, ""rent_11_30d"": 5000, ""spec_labels"": {""make"": ""Производитель"", ""type"": ""Тип"", ""year"": ""Год"", ""color"": ""Цвет"", ""drive"": ""Привод"", ""rating"": ""Рейтинг"", ""cooling"": ""Охлаждение"", ""power_hp"": ""Мощность (л.с.)"", ""engine_cc"": ""Объём двигателя"", ""fuel_type"": ""Тип топлива"", ""price_rub"": ""Цена"", ""rent_2_4d"": ""Аренда (2–4 суток)"", ""torque_nm"": ""Крутящий момент"", ""weight_kg"": ""Масса"", ""brake_type"": ""Тормоза"", ""brand_type"": ""Тип бренда"", ""dailyPrice"": ""Аренда (сутки)"", ""frame_type"": ""Рама"", ""rent_5_10d"": ""Аренда (5–10 суток)"", ""sale_price"": ""Цена продажи"", ""tires_rear"": ""Задняя резина"", ""access_tier"": ""Уровень доступа"", ""rent_11_30d"": ""Аренда (11–30 суток)"", ""tires_front"": ""Передняя резина"", ""bike_subtype"": ""Тип мотоцикла"", ""price_per_3h"": ""Аренда (3 часа)"", ""price_per_6h"": ""Аренда (6 часов)"", ""rent_weekday"": ""Аренда (будни)"", ""rent_weekend"": ""Аренда (выходные)"", ""transmission"": ""Трансмиссия"", ""license_class"": ""Категория прав"", ""price_per_12h"": ""Аренда (12 часов)"", ""top_speed_kmh"": ""Макс. скорость"", ""price_per_hour"": ""Аренда (1 час)"", ""seat_height_mm"": ""Высота по седлу"", ""fuel_capacity_l"": ""Объём бака"", ""suspension_type"": ""Подвеска"", ""recommend_percent"": ""Рекомендация"", ""fuel_consumption_l_100km"": ""Расход топлива""}, ""tires_front"": ""90/90-18"", ""bike_subtype"": ""Макси-скутер"", ""price_per_3h"": 5600, ""price_per_6h"": 6400, ""rent_weekday"": 8000, ""rent_weekend"": 9000, ""transmission"": ""5-ступенчатая"", ""license_class"": ""М"", ""price_per_12h"": 7200, ""top_speed_kmh"": ""120"", ""price_per_hour"": 800, ""seat_height_mm"": ""720"", ""fuel_capacity_l"": ""14"", ""suspension_type"": ""Телескопическая вилка спереди, двойные амортизаторы сзади"", ""recommend_percent"": 82, ""bike_engine_spec_line_1"": ""рабочий объём 250 куб. см, мощность 18 л.с."", ""bike_engine_spec_line_2"": ""максимальная конструктивная скорость 120 км/ч"", ""bike_engine_spec_line_3"": """", ""fuel_consumption_l_100km"": ""3.8""}"
"kawasaki-ex650k","Kawasaki","EX650K (Ninja 650)","Sport-Touring (ICE)","ICE","2019","А / L3","Классический спорт-турист Kawasaki EX650K (Ninja 650): параллельный твин 649 см³, 68 л.с. (50.2 кВт), 65.7 Нм. 6-ступенчатая КПП, ABS, алюминиевая рама. Максимальная скорость 210 км/ч, бак 15 л. Посадка 790 мм — идеален для новичков и города. Категория А. Классический Kawasaki Green.","10000","1000","7000","8000","9000","10000","11000","9000","8000","7500","20000","https://inmctohsodgdohamhzag.supabase.co/storage/v1/object/public/carpix/kawasaki-ex650k/image_1.jpg","https://inmctohsodgdohamhzag.supabase.co/storage/v1/object/public/carpix/kawasaki-ex650k/image_1.jpg","Параллельный двухцилиндровый двигатель 649 см³; 6-ступенчатая КПП; ABS; Алюминиевая рама типа периметр; Ветрозащита; Низкая посадка 790 мм — подходит для новичков; Категория А — полноценный мотоцикл","50.2","","","68","65.7","210","400","Бензин, 15 л","12","193","790","Дисковые (передние 2x300 мм + задний 220 мм), ABS","Телескопическая вилка 41 мм + задний моноамортизатор с регулировкой","Алюминиевая периметральная","Chain, 6-speed","Зелёный","","649","","15","6-ступенчатая","Жидкостное","/rent/kawasaki-ex650k","{""vin"": ""JKAEX650KKDA31636"", ""make"": ""Kawasaki"", ""rent"": 1, ""sale"": false, ""type"": ""ICE"", ""year"": ""2019"", ""color"": ""Зелёный"", ""drive"": ""Chain, 6-speed"", ""model"": ""EX650K (Ninja 650)"", ""hidden"": false, ""rating"": 4.8, ""source"": ""contract_doc"", ""battery"": ""Бензин, 15 л"", ""cooling"": ""Жидкостное"", ""gallery"": [""https://inmctohsodgdohamhzag.supabase.co/storage/v1/object/public/carpix/kawasaki-ex650k/image_1.jpg""], ""features"": [""Параллельный двухцилиндровый двигатель 649 см³"", ""6-ступенчатая КПП"", ""ABS"", ""Алюминиевая рама типа периметр"", ""Ветрозащита"", ""Низкая посадка 790 мм — подходит для новичков"", ""Категория А — полноценный мотоцикл""], ""power_hp"": ""68"", ""power_kw"": ""50.2"", ""range_km"": ""400"", ""subtitle"": ""Kawasaki EX650K Ninja 650"", ""engine_cc"": ""649"", ""price_rub"": 850000, ""rent_2_4d"": 9000, ""torque_nm"": ""65.7"", ""voltage_v"": ""12"", ""weight_kg"": ""193"", ""brake_type"": ""Дисковые (передние 2x300 мм + задний 220 мм), ABS"", ""brand_type"": ""manufacturer_data"", ""buy_colors"": [{""id"": ""green"", ""hex"": ""#6b8e23"", ""label"": ""Kawasaki Green""}], ""dailyPrice"": 10000, ""frame_type"": ""Алюминиевая периметральная"", ""rent_5_10d"": 8000, ""sale_price"": 0, ""sold_count"": 0, ""tires_rear"": ""160/60-17"", ""access_tier"": ""mid"", ""deposit_rub"": 20000, ""rent_11_30d"": 7500, ""spec_labels"": {""make"": ""Производитель"", ""type"": ""Тип"", ""year"": ""Год"", ""color"": ""Цвет"", ""drive"": ""Привод"", ""model"": ""Модель"", ""rating"": ""Рейтинг"", ""battery"": ""Батарея"", ""cooling"": ""Охлаждение"", ""power_hp"": ""Мощность (л.с.)"", ""power_kw"": ""Макс. мощность"", ""range_km"": ""Запас хода"", ""engine_cc"": ""Объём двигателя"", ""price_rub"": ""Цена"", ""rent_2_4d"": ""Аренда (2–4 суток)"", ""torque_nm"": ""Крутящий момент"", ""voltage_v"": ""Напряжение"", ""weight_kg"": ""Масса"", ""brake_type"": ""Тормоза"", ""brand_type"": ""Тип бренда"", ""dailyPrice"": ""Аренда (сутки)"", ""frame_type"": ""Рама"", ""rent_5_10d"": ""Аренда (5–10 суток)"", ""sale_price"": ""Цена продажи"", ""sold_count"": ""Продано"", ""tires_rear"": ""Задняя резина"", ""access_tier"": ""Уровень доступа"", ""rent_11_30d"": ""Аренда (11–30 суток)"", ""tires_front"": ""Передняя резина"", ""bike_subtype"": ""Тип мотоцикла"", ""price_per_3h"": ""Аренда (3 часа)"", ""price_per_6h"": ""Аренда (6 часов)"", ""rent_weekday"": ""Аренда (будни)"", ""rent_weekend"": ""Аренда (выходные)"", ""transmission"": ""Трансмиссия"", ""wheelbase_mm"": ""Колёсная база"", ""bike_power_hp"": ""Мощность (ДВС)"", ""dimensions_mm"": ""Габариты"", ""license_class"": ""Категория прав"", ""price_per_12h"": ""Аренда (12 часов)"", ""top_speed_kmh"": ""Макс. скорость"", ""bike_engine_cc"": ""Объём двигателя (ДВС)"", ""price_per_hour"": ""Аренда (1 час)"", ""seat_height_mm"": ""Высота по седлу"", ""fuel_capacity_l"": ""Объём бака"", ""suspension_type"": ""Подвеска"", ""recommend_percent"": ""Рекомендация"", ""ground_clearance_mm"": ""Дорожный просвет""}, ""tires_front"": ""120/70-17"", ""bike_subtype"": ""Sport-Touring (ICE)"", ""price_per_3h"": 7000, ""price_per_6h"": 8000, ""rent_weekday"": 10000, ""rent_weekend"": 11000, ""transmission"": ""6-ступенчатая"", ""wheelbase_mm"": ""1410"", ""bike_power_hp"": ""68"", ""dimensions_mm"": ""2055 x 740 x 1135"", ""license_class"": ""А / L3"", ""price_per_12h"": 9000, ""top_speed_kmh"": ""210"", ""bike_engine_cc"": ""649"", ""price_per_hour"": 1000, ""seat_height_mm"": ""790"", ""fuel_capacity_l"": ""15"", ""suspension_type"": ""Телескопическая вилка 41 мм + задний моноамортизатор с регулировкой"", ""recommend_percent"": 91, ""ground_clearance_mm"": ""130"", ""last_known_odometer"": 7569, ""bike_engine_spec_line_1"": ""рабочий объем 649 куб. см, мощность 68 л.с."", ""bike_engine_spec_line_2"": ""максимальная конструктивная скорость 210 км/ч"", ""bike_engine_spec_line_3"": """"}"
"kayo-tsd110","Kayo","TSD 110","Питбайк","ICE","2025","А1","Kayo TSD 110 — лёгкий питбайк для начинающих и подростков. Полуавтоматическая 4-ступенчатая коробка передач без сцепления, двигатель 107 см³, дисковые тормоза, вес всего 60 кг. Идеален для обучения и первых выездов на лёгкое бездорожье.","4000","400","2800","3200","3600","4000","5000","3500","3000","2500","10000","https://inmctohsodgdohamhzag.supabase.co/storage/v1/object/public/carpix/kayo-tsd110/image_1.jpg","https://inmctohsodgdohamhzag.supabase.co/storage/v1/object/public/carpix/kayo-tsd110/image_1.jpg","Полуавтоматическая 4-ступенчатая (без сцепления); Электростартер + кикстартер; Дисковые гидравлические тормоза; Перевёрнутая вилка; Лёгкий вес 60 кг; Низкая посадка; Идеален для обучения; Для подростков и начинающих","5.1","","","7","7.2","70","120","Бензин, 3.5 л","","60","740","Дисковые гидравлические (передний + задний)","Телескопическая вилка + задний моноамортизатор","Стальная","Цепь 428, барабанная","Чёрный/Синий","","107","АИ-92","3.5","4-??????????? ??????????? (??? ?????????)","Воздушное","","{""make"": ""Kayo"", ""rent"": 1, ""sale"": true, ""type"": ""ICE"", ""year"": ""2025"", ""color"": ""Чёрный/Синий"", ""drive"": ""Цепь 428, барабанная"", ""model"": ""TSD 110"", ""hidden"": false, ""rating"": 4.5, ""source"": ""https://www.ridekayo.com/tsd110"", ""battery"": ""Бензин, 3.5 л"", ""cooling"": ""Воздушное"", ""gallery"": [""https://inmctohsodgdohamhzag.supabase.co/storage/v1/object/public/carpix/kayo-tsd110/image_1.jpg""], ""features"": [""Полуавтоматическая 4-ступенчатая (без сцепления)"", ""Электростартер + кикстартер"", ""Дисковые гидравлические тормоза"", ""Перевёрнутая вилка"", ""Лёгкий вес 60 кг"", ""Низкая посадка"", ""Идеален для обучения"", ""Для подростков и начинающих""], ""power_hp"": ""7"", ""power_kw"": ""5.1"", ""range_km"": ""120"", ""subtitle"": ""Kayo TSD 110"", ""engine_cc"": ""107"", ""fuel_type"": ""АИ-92"", ""price_rub"": 65000, ""rent_2_4d"": 3500, ""torque_nm"": ""7.2"", ""weight_kg"": ""60"", ""brake_type"": ""Дисковые гидравлические (передний + задний)"", ""brand_type"": ""dealer_data"", ""buy_colors"": [{""id"": ""black"", ""hex"": ""#111111"", ""label"": ""??????""}, {""id"": ""blue"", ""hex"": ""#1e3a8a"", ""label"": ""?????""}, {""id"": ""red"", ""hex"": ""#dc2626"", ""label"": ""???????""}], ""dailyPrice"": 4000, ""frame_type"": ""Стальная"", ""rent_5_10d"": 3000, ""sale_price"": 65000, ""sold_count"": 0, ""tires_rear"": ""80/100-12"", ""access_tier"": ""entry"", ""deposit_rub"": 10000, ""rent_11_30d"": 2500, ""spec_labels"": {""make"": ""Производитель"", ""type"": ""Тип"", ""year"": ""Год"", ""color"": ""Цвет"", ""drive"": ""Привод"", ""model"": ""Модель"", ""rating"": ""Рейтинг"", ""battery"": ""Батарея"", ""cooling"": ""Охлаждение"", ""power_hp"": ""Мощность (л.с.)"", ""power_kw"": ""Макс. мощность"", ""range_km"": ""Запас хода"", ""engine_cc"": ""Объём двигателя"", ""fuel_type"": ""Тип топлива"", ""price_rub"": ""Цена"", ""rent_2_4d"": ""Аренда (2–4 суток)"", ""torque_nm"": ""Крутящий момент"", ""weight_kg"": ""Масса"", ""brake_type"": ""Тормоза"", ""brand_type"": ""Тип бренда"", ""dailyPrice"": ""Аренда (сутки)"", ""frame_type"": ""Рама"", ""rent_5_10d"": ""Аренда (5–10 суток)"", ""sale_price"": ""Цена продажи"", ""tires_rear"": ""Задняя резина"", ""access_tier"": ""Уровень доступа"", ""rent_11_30d"": ""Аренда (11–30 суток)"", ""tires_front"": ""Передняя резина"", ""bike_subtype"": ""Тип мотоцикла"", ""price_per_3h"": ""Аренда (3 часа)"", ""price_per_6h"": ""Аренда (6 часов)"", ""rent_weekday"": ""Аренда (будни)"", ""rent_weekend"": ""Аренда (выходные)"", ""transmission"": ""Трансмиссия"", ""wheelbase_mm"": ""Колёсная база"", ""dimensions_mm"": ""Габариты"", ""license_class"": ""Категория прав"", ""price_per_12h"": ""Аренда (12 часов)"", ""top_speed_kmh"": ""Макс. скорость"", ""price_per_hour"": ""Аренда (1 час)"", ""seat_height_mm"": ""Высота по седлу"", ""fuel_capacity_l"": ""Объём бака"", ""suspension_type"": ""Подвеска"", ""recommend_percent"": ""Рекомендация"", ""ground_clearance_mm"": ""Дорожный просвет"", ""fuel_consumption_l_100km"": ""Расход топлива""}, ""tires_front"": ""60/100-14"", ""bike_subtype"": ""Питбайк"", ""price_per_3h"": 2800, ""price_per_6h"": 3200, ""rent_weekday"": 4000, ""rent_weekend"": 5000, ""transmission"": ""4-??????????? ??????????? (??? ?????????)"", ""wheelbase_mm"": ""1085"", ""dimensions_mm"": ""1560 x 750 x 1020"", ""license_class"": ""А1"", ""price_per_12h"": 3600, ""top_speed_kmh"": ""70"", ""price_per_hour"": 400, ""seat_height_mm"": ""740"", ""fuel_capacity_l"": ""3.5"", ""suspension_type"": ""Телескопическая вилка + задний моноамортизатор"", ""recommend_percent"": 78, ""ground_clearance_mm"": ""275"", ""bike_engine_spec_line_1"": ""??????? ????? 107 ???. ??, ???????? 7 ?.?."", ""bike_engine_spec_line_2"": ""?????????????????? 4-??????????? ??? ??? ?????????"", ""bike_engine_spec_line_3"": ""???????????? ?????????????? ???????? 70 ??/?"", ""fuel_consumption_l_100km"": ""2.0""}"
"livewire-one","LiveWire","ONE","Электро-супербайк","Electric","2025","А (полноценный электромотоцикл 75 кВт, требуется категория А)","Электрический sport tourer LiveWire ONE: 100 л.с., 75 кВт, 15,4 кВт⋅ч, разгон 0–96 км/ч за 3 секунды, быстрая зарядка DC 0–80% за 40 минут, запас хода до 235 км в городе.","24000","9600","18000","19200","21600","24000","30000","19200","15600","14400","50000","https://inmctohsodgdohamhzag.supabase.co/storage/v1/object/public/carpix/livewire-one/image_1.jpg","https://inmctohsodgdohamhzag.supabase.co/storage/v1/object/public/carpix/livewire-one/image_1.jpg|https://inmctohsodgdohamhzag.supabase.co/storage/v1/object/public/carpix/livewire-one/image_2.jpg|https://inmctohsodgdohamhzag.supabase.co/storage/v1/object/public/carpix/livewire-one/image_3.jpg|https://inmctohsodgdohamhzag.supabase.co/storage/v1/object/public/carpix/livewire-one/image_4.jpg|https://inmctohsodgdohamhzag.supabase.co/storage/v1/object/public/carpix/livewire-one/image_5.jpg|https://inmctohsodgdohamhzag.supabase.co/storage/v1/object/public/carpix/livewire-one/image_6.jpg","Привод Revelation™ от Harley-Davidson; Лёгкая литая алюминиевая рама с низким центром тяжести; Подвеска SHOWA® SFF-BP® спереди и SHOWA® BFRC™ сзади; Bluetooth-связь со смартфоном; Быстрая зарядка DC: 0–80% за 40 минут; 0–100% за 60 минут; Аккумулятор 15; 4 кВт⋅ч и поддержка зарядки Level 1 / Level 2; Режимы езды: Sport / Road / Range / Rain; Системы безопасности: C-ABS; DSCS; C-TCS; Инфотейнмент: 4.3"" TFT-дисплей и USB Type-C","75","","","","114","177","","15.4 kWh","","255","","","","","Direct drive","Liquid Black","","","","","","","/rent/livewire-one","{""usb"": ""USB Type-C"", ""vin"": ""1HD2XAEB52LB801938"", ""make"": ""LiveWire"", ""rent"": ""true"", ""sale"": ""false"", ""type"": ""Electric"", ""year"": ""2025"", ""color"": ""Liquid Black"", ""drive"": ""Direct drive"", ""model"": ""ONE"", ""hidden"": ""false"", ""rating"": ""5"", ""safety"": ""C-ABS,DSCS,C-TCS"", ""source"": ""LiveWire ONE PDP"", ""wheels"": ""Чёрные литые алюминиевые, 5-спицевые"", ""battery"": ""15.4 kWh"", ""gallery"": [""https://inmctohsodgdohamhzag.supabase.co/storage/v1/object/public/carpix/livewire-one/image_1.jpg"", ""https://inmctohsodgdohamhzag.supabase.co/storage/v1/object/public/carpix/livewire-one/image_2.jpg"", ""https://inmctohsodgdohamhzag.supabase.co/storage/v1/object/public/carpix/livewire-one/image_3.jpg"", ""https://inmctohsodgdohamhzag.supabase.co/storage/v1/object/public/carpix/livewire-one/image_4.jpg"", ""https://inmctohsodgdohamhzag.supabase.co/storage/v1/object/public/carpix/livewire-one/image_5.jpg"", ""https://inmctohsodgdohamhzag.supabase.co/storage/v1/object/public/carpix/livewire-one/image_6.jpg""], ""charging"": ""[object Object]"", ""features"": ""Привод Revelation™ от Harley-Davidson,Лёгкая литая алюминиевая рама с низким центром тяжести,Подвеска SHOWA® SFF-BP® спереди и SHOWA® BFRC™ сзади,Bluetooth-связь со смартфоном,Быстрая зарядка DC: 0–80% за 40 минут, 0–100% за 60 минут,Аккумулятор 15,4 кВт⋅ч и поддержка зарядки Level 1 / Level 2,Режимы езды: Sport / Road / Range / Rain,Системы безопасности: C-ABS, DSCS, C-TCS,Инфотейнмент: 4.3\"" TFT-дисплей и USB Type-C"", ""motor_hp"": ""100"", ""power_kw"": ""75"", ""rake_deg"": ""24.5"", ""subtitle"": ""Электрический sport tourer LiveWire ONE — скорость, динамика и быстрая зарядка."", ""trail_cm"": ""10.9"", ""length_cm"": ""213.6"", ""price_rub"": ""1897500"", ""rear_tire"": ""180/55 ZR17 73W"", ""rent_2_4d"": ""19200"", ""tire_type"": ""Michelin® Scorcher \""Sport\"""", ""torque_nm"": ""114"", ""video_url"": ""https://inmctohsodgdohamhzag.supabase.co/storage/v1/object/public/carpix/livewire-one/promo.mp4"", ""weight_kg"": ""255"", ""dailyPrice"": ""24000"", ""front_fork"": ""SHOWA® SFF-BP® (Separate Function Front Fork - Big Piston)"", ""front_tire"": ""120/70 ZR17 58W"", ""rear_shock"": ""SHOWA® BFRC™ mono-shock"", ""rent_5_10d"": ""15600"", ""ride_modes"": ""Sport,Road,Range,Rain"", ""sale_price"": ""1897500"", ""battery_kwh"": ""15.4"", ""deposit_rub"": 50000, ""rear_brakes"": ""Двухпоршневой задний суппорт"", ""rent_11_30d"": ""14400"", ""screen_type"": ""WQVGA 480x272 TFT color display"", ""spec_labels"": {""type"": ""Тип"", ""year"": ""Год"", ""color"": ""Цвет"", ""drive"": ""Привод"", ""rating"": ""Рейтинг"", ""battery"": ""Батарея"", ""gallery"": ""Галерея"", ""features"": ""Особенности"", ""power_kw"": ""Макс. мощность"", ""range_km"": ""Запас хода"", ""torque_nm"": ""Крутящий момент"", ""voltage_v"": ""Напряжение"", ""weight_kg"": ""Масса"", ""brake_type"": ""Тормоза"", ""brand_type"": ""Тип бренда"", ""dailyPrice"": ""Аренда (сутки)"", ""frame_type"": ""Рама"", ""sale_price"": ""Цена продажи"", ""access_tier"": ""Уровень доступа"", ""bike_subtype"": ""Тип мотоцикла"", ""charge_time_h"": ""Время зарядки"", ""license_class"": ""Категория прав"", ""top_speed_kmh"": ""Макс. скорость"", ""price_per_hour"": ""Аренда (1 час)"", ""seat_height_mm"": ""Высота по седлу"", ""suspension_type"": ""Подвеска"", ""motor_nominal_kw"": ""Номинальная мощность""}, ""bike_subtype"": ""Электро-супербайк"", ""connectivity"": ""Встроенный Bluetooth для смартфона: навигация, музыка, звонки и голосовое управление"", ""front_brakes"": ""Brembo® monobloc front brakes, dual 4-piston radial mount"", ""price_per_2h"": ""14400"", ""price_per_3h"": ""18000"", ""price_per_6h"": ""19200"", ""rent_weekday"": ""24000"", ""rent_weekend"": ""30000"", ""wheelbase_cm"": ""149.1"", ""license_class"": ""А (полноценный электромотоцикл 75 кВт, требуется категория А)"", ""price_per_12h"": ""21600"", ""range_city_km"": ""235"", ""top_speed_kmh"": ""177"", ""price_per_hour"": ""9600"", ""screen_size_cm"": ""10.9"", ""seat_height_cm"": ""76.2"", ""range_highway_km"": ""174"", ""rent_price_label"": ""24 000 ₽/день (будни) · 30 000 ₽/день (выходные)"", ""range_combined_km"": ""153"", ""rent_weekday_hour"": ""9600"", ""rent_weekend_hour"": ""12000"", ""original_price_rub"": ""2035500"", ""ground_clearance_cm"": ""13"", ""acceleration_0_96_km_h_s"": ""3""}"
"motoland-breakout","Motoland","Breakout 300","Круизер, бензиновый","ICE","2025","А","Motoland Breakout 300 — доступный круизер в стиле чоппера, построенный на базе популярного Motoland Wolf 300. Оснащён проверенным 4-тактным двигателем 175FMM объёмом 300 см³ с балансирным валом и 6-ступенчатой КПП. Мотоцикл отличается прямой комфортной посадкой, широкой круизерной резиной и богатой комплектацией с кофрами и защитными дугами.","6000","600","4200","4800","5400","6000","8000","5000","4000","3500","20000","https://inmctohsodgdohamhzag.supabase.co/storage/v1/object/public/carpix/motoland-breakout/image_1.jpg","https://inmctohsodgdohamhzag.supabase.co/storage/v1/object/public/carpix/motoland-breakout/image_1.jpg","Кофры в комплекте; LED оптика; Цифровая приборная панель LCD; Дисковые гидравлические тормоза; Электростартер; Защитные дуги; Спинка пассажира; Масляный радиатор","18","","","25","20","130","500","Бензин, 15 л","","165","750","Дисковые гидравлические (передний 280 мм + задний 220 мм)","Телескопическая вилка, задний амортизатор","Стальная сварная","Цепь, 6-ступенчатая","Чёрный","","300","АИ-92","15","6-ступенчатая","Воздушно-масляное","/rent/motoland-breakout","{""vin"": ""LWJJPCDL2TC405814"", ""make"": ""Motoland"", ""rent"": ""1"", ""sale"": ""true"", ""type"": ""ICE"", ""year"": ""2025"", ""color"": ""Чёрный"", ""drive"": ""Цепь, 6-ступенчатая"", ""model"": ""Breakout 300"", ""hidden"": ""false"", ""rating"": ""4.3"", ""source"": ""https://moto.av.by/bike/motoland/breakout-300"", ""battery"": ""Бензин, 15 л"", ""cooling"": ""Воздушно-масляное"", ""gallery"": [""https://inmctohsodgdohamhzag.supabase.co/storage/v1/object/public/carpix/motoland-breakout/image_1.jpg""], ""features"": ""Кофры в комплекте,LED оптика,Цифровая приборная панель LCD,Дисковые гидравлические тормоза,Электростартер,Защитные дуги,Спинка пассажира,Масляный радиатор"", ""power_hp"": ""25"", ""power_kw"": ""18"", ""range_km"": ""500"", ""subtitle"": ""Motoland Breakout 300"", ""engine_cc"": ""300"", ""fuel_type"": ""АИ-92"", ""price_rub"": ""390000"", ""rent_2_4d"": ""5000"", ""torque_nm"": ""20"", ""weight_kg"": ""165"", ""brake_type"": ""Дисковые гидравлические (передний 280 мм + задний 220 мм)"", ""brand_type"": ""dealer_data"", ""buy_colors"": ""[object Object]"", ""dailyPrice"": ""6000"", ""frame_type"": ""Стальная сварная"", ""rent_5_10d"": ""4000"", ""sale_price"": ""255000"", ""sold_count"": ""0"", ""tires_rear"": ""110/90-R15"", ""access_tier"": ""entry"", ""deposit_rub"": 20000, ""rent_11_30d"": ""3500"", ""spec_labels"": ""[object Object]"", ""tires_front"": ""110/90-R16"", ""bike_subtype"": ""Круизер, бензиновый"", ""price_per_3h"": ""4200"", ""price_per_6h"": ""4800"", ""rent_weekday"": ""6000"", ""rent_weekend"": ""8000"", ""transmission"": ""6-ступенчатая"", ""wheelbase_mm"": ""1480"", ""dimensions_mm"": ""2230 x 890 x 1260"", ""license_class"": ""А"", ""price_per_12h"": ""5400"", ""top_speed_kmh"": ""130"", ""price_per_hour"": ""600"", ""seat_height_mm"": ""750"", ""fuel_capacity_l"": ""15"", ""suspension_type"": ""Телескопическая вилка, задний амортизатор"", ""recommend_percent"": ""82"", ""ground_clearance_mm"": ""200"", ""bike_engine_spec_line_1"": ""рабочий объем 300 куб. см, мощность 25 л.с."", ""bike_engine_spec_line_2"": ""максимальная конструктивная скорость 130 км/ч"", ""bike_engine_spec_line_3"": """", ""fuel_consumption_l_100km"": ""3.0""}"
"nibbler-regumoto-4v","Regulmoto","Nibbler 300 4V","Бензиновый нейкед","ICE","2025","А1","Regulmoto Nibbler 300 4V — лёгкий дорожный мотоцикл в стиле нейкед с эксклюзивным 4-клапанным двигателем LONCIN FE300 и масляным охлаждением. Вес всего 132 кг, 6-ступенчатая КПП, радиальные 4-поршневые тормоза, полная LED-оптика. Компактный и манёвренный — идеален для города и начинающих райдеров. Категория А1.","6000","600","4200","4800","5400","6000","8000","5000","4000","3500","20000","https://inmctohsodgdohamhzag.supabase.co/storage/v1/object/public/carpix/nibbler-regumoto-4v/image_1.jpg","https://inmctohsodgdohamhzag.supabase.co/storage/v1/object/public/carpix/nibbler-regumoto-4v/image_1.jpg","Эксклюзивный 4V двигатель LONCIN FE300; Масляное охлаждение; 6-ступенчатая КПП; Радиальные 4-поршневые передние тормоза; Полное LED-освещение с противотуманками; LED-приборная панель; Металлический багажник под кофр; Электростартер","19.9","","","27","22","150","400","Бензин, 12 л","","132","810","Гидравлические дисковые (радиальные 4-поршневые передние)","Телескопическая перевернутая вилка + задний моноамортизатор","Стальная","Chain","Серый","","300","АИ-92","12","6-ступенчатая","Воздушно-масляное","/rent/nibbler-regumoto-4v","{""vin"": ""LGVSNP802S0E36101"", ""make"": ""Regulmoto"", ""rent"": ""1"", ""sale"": ""true"", ""type"": ""ICE"", ""year"": ""2025"", ""color"": ""Серый"", ""drive"": ""Chain"", ""model"": ""Nibbler 300 4V"", ""rating"": ""4.5"", ""source"": ""https://4enduro.ru/tehnika/mototsikly-dorozhnye/dorozhnye-regulmoto/mototsikl-regulmoto-nibbler"", ""battery"": ""Бензин, 12 л"", ""cooling"": ""Воздушно-масляное"", ""gallery"": [""https://inmctohsodgdohamhzag.supabase.co/storage/v1/object/public/carpix/nibbler-regumoto-4v/image_1.jpg""], ""features"": ""Эксклюзивный 4V двигатель LONCIN FE300,Масляное охлаждение,6-ступенчатая КПП,Радиальные 4-поршневые передние тормоза,Полное LED-освещение с противотуманками,LED-приборная панель,Металлический багажник под кофр,Электростартер"", ""power_hp"": ""27"", ""power_kw"": ""19.9"", ""range_km"": ""400"", ""subtitle"": ""Regulmoto Nibbler 300 4V"", ""engine_cc"": ""300"", ""fuel_type"": ""АИ-92"", ""price_rub"": ""265000"", ""rent_2_4d"": ""5000"", ""torque_nm"": ""22"", ""weight_kg"": ""132"", ""brake_type"": ""Гидравлические дисковые (радиальные 4-поршневые передние)"", ""brand_type"": ""official_reseller"", ""buy_colors"": ""[object Object],[object Object]"", ""dailyPrice"": ""6000"", ""frame_type"": ""Стальная"", ""rent_5_10d"": ""4000"", ""sale_price"": ""265000"", ""sold_count"": ""0"", ""tires_rear"": ""140/70-17"", ""access_tier"": ""entry"", ""deposit_rub"": 20000, ""rent_11_30d"": ""3500"", ""spec_labels"": ""[object Object]"", ""tires_front"": ""110/70-17"", ""bike_subtype"": ""Бензиновый нейкед"", ""price_per_3h"": ""4200"", ""price_per_6h"": ""4800"", ""rent_weekday"": ""6000"", ""rent_weekend"": ""8000"", ""transmission"": ""6-ступенчатая"", ""dimensions_mm"": ""2190 x 900 x 1150"", ""license_class"": ""А1"", ""price_per_12h"": ""5400"", ""top_speed_kmh"": ""150"", ""price_per_hour"": ""600"", ""seat_height_mm"": ""810"", ""fuel_capacity_l"": ""12"", ""suspension_type"": ""Телескопическая перевернутая вилка + задний моноамортизатор"", ""recommend_percent"": ""85"", ""last_known_odometer"": 1793, ""bike_engine_spec_line_1"": ""рабочий объем 300 куб. см, мощность 27 л.с."", ""bike_engine_spec_line_2"": ""максимальная конструктивная скорость 150 км/ч"", ""bike_engine_spec_line_3"": """"}"
"rerode-r1-plus","Rerode","R1+","Electric Enduro","Electric","2026","Права не нужны (класс М)","Электрический эндуро-байк Rerode R1+ 2026: пиковая мощность 17 кВт, крутящий момент 500 Н·м (на колесе), батарея Samsung 50S 21700 72V 40Ah, запас хода до 120 км. Алюминиевая рама, подвеска FASTACE (вилка 200 мм), три режима мощности (Eco / Sport / Sport+). Класс М (49 сс) — подойдут автомобильные права, без регистрации и страховки.","12000","1200","8400","9600","10800","12000","14000","10000","8000","7000","20000","https://inmctohsodgdohamhzag.supabase.co/storage/v1/object/public/carpix/rerode-r1-plus/image_1.jpg","https://inmctohsodgdohamhzag.supabase.co/storage/v1/object/public/carpix/rerode-r1-plus/image_1.jpg","FOC-контроллер; 3 режима мощности (Eco / Sport / Sport+); FASTACE подвеска — вилка с высоко-/низкоскоростной компрессией 200 мм + задний моноамортизатор 85 мм; Гидравлические дисковые тормоза 220 мм (перед) / 203 мм (зад); Рекуперативное торможение (регенерация); 2"" TFT-дисплей + мобильное приложение; USB / Type-C зарядка устройств (5V/2400 mA); Защита IP65 (влагозащита); Бесшумная езда; Алюминиевая рама; Класс М (49 сс) — права категории В; без регистрации","17","17","","","500","95","120","72V 40Ah","72","68","845","Гидравлические дисковые","Телескопическая вилка","Алюминиевый сплав","Chain","Cyber Yellow","4","","","","","","/rent/rerode-r1-plus","{""vin"": ""YZR1+2509290089"", ""make"": ""Rerode"", ""rent"": ""1"", ""sale"": ""true"", ""type"": ""Electric"", ""year"": ""2026"", ""color"": ""Cyber Yellow"", ""drive"": ""Chain"", ""model"": ""R1+"", ""rating"": ""4.9"", ""source"": ""https://rerode.ru/r1plus"", ""battery"": ""72V 40Ah"", ""gallery"": [""https://inmctohsodgdohamhzag.supabase.co/storage/v1/object/public/carpix/rerode-r1-plus/image_1.jpg""], ""features"": ""FOC-контроллер, 3 режима мощности (Eco / Sport / Sport+),FASTACE подвеска — вилка с высоко-/низкоскоростной компрессией 200 мм + задний моноамортизатор 85 мм,Гидравлические дисковые тормоза 220 мм (перед) / 203 мм (зад),Рекуперативное торможение (регенерация),2\"" TFT-дисплей + мобильное приложение,USB / Type-C зарядка устройств (5V/2400 mA),Защита IP65 (влагозащита),Бесшумная езда,Алюминиевая рама,Класс М (49 сс) — права категории В, без регистрации"", ""power_kw"": ""17"", ""range_km"": ""120"", ""subtitle"": ""Rerode R1+"", ""price_rub"": ""450000"", ""rent_2_4d"": ""10000"", ""torque_nm"": ""500"", ""voltage_v"": ""72"", ""weight_kg"": ""68"", ""brake_type"": ""Гидравлические дисковые"", ""brand_type"": ""official_reseller"", ""buy_colors"": ""[object Object],[object Object]"", ""dailyPrice"": ""12000"", ""frame_type"": ""Алюминиевый сплав"", ""rent_5_10d"": ""8000"", ""sale_price"": ""450000"", ""sold_count"": ""0"", ""tires_rear"": ""90/90-18"", ""access_tier"": ""pro"", ""deposit_rub"": 20000, ""max_load_kg"": ""100"", ""rent_11_30d"": ""7000"", ""spec_labels"": ""[object Object]"", ""tires_front"": ""70/100-19"", ""bike_subtype"": ""Electric Enduro"", ""price_per_3h"": ""8400"", ""price_per_6h"": ""9600"", ""rent_weekday"": ""12000"", ""rent_weekend"": ""14000"", ""wheelbase_mm"": ""1280"", ""charge_time_h"": ""4"", ""dimensions_mm"": ""1890 × 775 × 1100"", ""license_class"": ""Права не нужны (класс М)"", ""motor_peak_kw"": ""17"", ""price_per_12h"": ""10800"", ""top_speed_kmh"": ""95"", ""price_per_hour"": ""1200"", ""seat_height_mm"": ""845"", ""suspension_type"": ""Телескопическая вилка"", ""recommend_percent"": ""95"", ""ground_clearance_mm"": ""268"", ""bike_engine_spec_line_1"": ""мощность двигателя (номинальная) 17 кВт"", ""bike_engine_spec_line_2"": ""максимальная конструктивная скорость 95 км/ч"", ""bike_engine_spec_line_3"": ""аккумулятор: тип/ёмкость 72V 40Ah (Samsung 50S 21700, 2 880 Wh)""}"
"sequence-zero","Sequence","Zero","Electric Sport","Electric","2026","А (электро 30 кВт, экв. 125 сс+)","Мощный премиальный электромотоцикл Sequence Zero: центральный двигатель 30 кВт, ременной привод, крутящий момент 650 Нм на колесе. Разгон 0–100 км/ч за 2.8 секунды, максимальная скорость 160 км/ч. Батарея 96V 100–120Ah, запас хода до 300 км. Кованая алюминиевая рама, 54 мм перевернутая вилка, ABS, TFT 7-дюймовый дисплей с CarPlay. 3-ступенчатая трансмиссия + задний ход.","15000","6000","11000","12000","13500","15000","20000","12000","10000","9000","20000","https://inmctohsodgdohamhzag.supabase.co/storage/v1/object/public/carpix/sequence-zero/image_1.jpg","https://inmctohsodgdohamhzag.supabase.co/storage/v1/object/public/carpix/sequence-zero/image_1.jpg|https://inmctohsodgdohamhzag.supabase.co/storage/v1/object/public/carpix/sequence-zero/image_2.jpg|https://inmctohsodgdohamhzag.supabase.co/storage/v1/object/public/carpix/sequence-zero/image_3.jpg|https://inmctohsodgdohamhzag.supabase.co/storage/v1/object/public/carpix/sequence-zero/image_4.jpg|https://inmctohsodgdohamhzag.supabase.co/storage/v1/object/public/carpix/sequence-zero/image_5.jpg|https://inmctohsodgdohamhzag.supabase.co/storage/v1/object/public/carpix/sequence-zero/image_6.jpg|https://inmctohsodgdohamhzag.supabase.co/storage/v1/object/public/carpix/sequence-zero/image_7.jpg|https://inmctohsodgdohamhzag.supabase.co/storage/v1/object/public/carpix/sequence-zero/image_8.jpg","Центральный двигатель, ременной привод; 3-ступенчатая трансмиссия + задний ход; Кованый алюминиевый задний поворотный рычаг; 54 мм перевернутая вилка, 15-уровневая регулировка; Задние двойные амортизаторы, 18-уровневое демпфирование; ABS + CBS двухканальное торможение; TFT 7-дюймовый дисплей с CarPlay; Светодиодная оптика; Keyless Go (датчик приближения); Автомобильная зарядка 3.3 кВт + зарядка 20A","30","30","15","","650","160","200","96V 120Ah","96","180","710","Двухдисковый 300 мм (4-поршневой радиальный) + задний 240 мм, ABS/CBS","","Металлическая рама, кованый алюминиевый задний рычаг","Belt (центральный двигатель)","Красный","3-3.5","","","","3-ступенчатая + задний ход","","/rent/sequence-zero","{""rent"": true, ""sale"": true, ""type"": ""Electric"", ""year"": ""2026"", ""color"": ""Красный"", ""drive"": ""Belt (центральный двигатель)"", ""rating"": 5, ""source"": ""https://simargl-elektro.ru/products/elektromototsikl_sequence_zero_standard"", ""battery"": ""96V 120Ah"", ""gallery"": [""https://inmctohsodgdohamhzag.supabase.co/storage/v1/object/public/carpix/sequence-zero/image_1.jpg"", ""https://inmctohsodgdohamhzag.supabase.co/storage/v1/object/public/carpix/sequence-zero/image_2.jpg"", ""https://inmctohsodgdohamhzag.supabase.co/storage/v1/object/public/carpix/sequence-zero/image_3.jpg"", ""https://inmctohsodgdohamhzag.supabase.co/storage/v1/object/public/carpix/sequence-zero/image_4.jpg"", ""https://inmctohsodgdohamhzag.supabase.co/storage/v1/object/public/carpix/sequence-zero/image_5.jpg"", ""https://inmctohsodgdohamhzag.supabase.co/storage/v1/object/public/carpix/sequence-zero/image_6.jpg"", ""https://inmctohsodgdohamhzag.supabase.co/storage/v1/object/public/carpix/sequence-zero/image_7.jpg"", ""https://inmctohsodgdohamhzag.supabase.co/storage/v1/object/public/carpix/sequence-zero/image_8.jpg""], ""features"": [""Центральный двигатель, ременной привод"", ""3-ступенчатая трансмиссия + задний ход"", ""Кованый алюминиевый задний поворотный рычаг"", ""54 мм перевернутая вилка, 15-уровневая регулировка"", ""Задние двойные амортизаторы, 18-уровневое демпфирование"", ""ABS + CBS двухканальное торможение"", ""TFT 7-дюймовый дисплей с CarPlay"", ""Светодиодная оптика"", ""Keyless Go (датчик приближения)"", ""Автомобильная зарядка 3.3 кВт + зарядка 20A""], ""power_kw"": ""30"", ""range_km"": ""200"", ""subtitle"": ""Sequence Zero — 2.8с до 100 км/ч"", ""warranty"": ""1 год"", ""price_rub"": 850000, ""rent_2_4d"": 12000, ""torque_nm"": ""650"", ""voltage_v"": ""96"", ""weight_kg"": ""180"", ""brake_type"": ""Двухдисковый 300 мм (4-поршневой радиальный) + задний 240 мм, ABS/CBS"", ""brand_type"": ""dealer_data"", ""buy_colors"": [{""id"": ""red"", ""hex"": ""#c1121f"", ""label"": ""Красный""}], ""charging_a"": ""20"", ""dailyPrice"": 15000, ""frame_type"": ""Металлическая рама, кованый алюминиевый задний рычаг"", ""rent_5_10d"": 10000, ""sale_price"": 850000, ""sold_count"": 12, ""tires_rear"": ""200/55-17"", ""access_tier"": ""pro"", ""buy_options"": [], ""charging_kw"": ""3.3"", ""deposit_rub"": 20000, ""rent_11_30d"": 9000, ""spec_labels"": {""type"": ""Тип"", ""year"": ""Год"", ""color"": ""Цвет"", ""drive"": ""Привод"", ""rating"": ""Рейтинг"", ""battery"": ""Батарея"", ""power_kw"": ""Пиковая мощность"", ""range_km"": ""Запас хода"", ""warranty"": ""Гарантия"", ""price_rub"": ""Цена"", ""rent_2_4d"": ""Аренда (2–4 суток)"", ""torque_nm"": ""Крутящий момент (колесо)"", ""voltage_v"": ""Напряжение"", ""weight_kg"": ""Масса"", ""brake_type"": ""Тормоза"", ""charging_a"": ""Зарядный ток"", ""dailyPrice"": ""Аренда (сутки)"", ""frame_type"": ""Рама"", ""rent_5_10d"": ""Аренда (5–10 суток)"", ""sale_price"": ""Цена продажи"", ""sold_count"": ""Продано"", ""tires_rear"": ""Задняя резина"", ""access_tier"": ""Уровень доступа"", ""charging_kw"": ""Мощность зарядки"", ""rent_11_30d"": ""Аренда (11–30 суток)"", ""tires_front"": ""Передняя резина"", ""bike_subtype"": ""Тип мотоцикла"", ""price_per_2h"": ""Аренда (2 часа)"", ""price_per_3h"": ""Аренда (3 часа)"", ""price_per_6h"": ""Аренда (6 часов)"", ""rent_weekday"": ""Аренда (будни)"", ""rent_weekend"": ""Аренда (выходные)"", ""transmission"": ""Трансмиссия"", ""wheelbase_mm"": ""Колёсная база"", ""charge_time_h"": ""Время зарядки"", ""dimensions_mm"": ""Габариты"", ""license_class"": ""Категория прав"", ""motor_peak_kw"": ""Пиковая мощность мотора"", ""price_per_12h"": ""Аренда (12 часов)"", ""top_speed_kmh"": ""Макс. скорость"", ""price_per_hour"": ""Аренда (1 час)"", ""range_100ah_km"": ""Запас хода (100Ah)"", ""range_120ah_km"": ""Запас хода (120Ah)"", ""seat_height_mm"": ""Высота по седлу"", ""motor_nominal_kw"": ""Номинальная мощность"", ""rent_price_label"": ""Аренда"", ""recommend_percent"": ""Рекомендация"", ""rent_weekday_hour"": ""Аренда (будни, час)"", ""rent_weekend_hour"": ""Аренда (выходные, час)"", ""acceleration_0_100_s"": ""Разгон 0–100 км/ч""}, ""tires_front"": ""120/70-17"", ""bike_subtype"": ""Electric Sport"", ""price_per_2h"": 9000, ""price_per_3h"": 11000, ""price_per_6h"": 12000, ""rent_weekday"": 15000, ""rent_weekend"": 20000, ""transmission"": ""3-ступенчатая + задний ход"", ""wheelbase_mm"": ""1680"", ""charge_time_h"": ""3-3.5"", ""dimensions_mm"": ""2300 x 930 x 1150"", ""license_class"": ""А (электро 30 кВт, экв. 125 сс+)"", ""motor_peak_kw"": ""30"", ""price_per_12h"": 13500, ""top_speed_kmh"": ""160"", ""price_per_hour"": 6000, ""range_100ah_km"": ""250"", ""range_120ah_km"": ""300"", ""seat_height_mm"": ""710"", ""motor_nominal_kw"": ""15"", ""rent_price_label"": ""15 000 ₽/день (будни) · 20 000 ₽/день (выходные)"", ""recommend_percent"": 92, ""rent_weekday_hour"": 6000, ""rent_weekend_hour"": 8000, ""acceleration_0_100_s"": ""2.8"", ""bike_engine_spec_line_1"": ""мощность двигателя (номинальная) 30 кВт"", ""bike_engine_spec_line_2"": ""максимальная конструктивная скорость 160 км/ч"", ""bike_engine_spec_line_3"": ""аккумулятор: тип/ёмкость 96V 120Ah""}"
"suzuki-gsx-s1000f","Suzuki","GSX-S1000F","Sport-Touring (ICE)","ICE","2020","А","Suzuki GSX-S1000F — спорт-туринг на базе нейкеда GSX-S1000, получивший полуобтекатель для защиты от ветра на трассе. Рядная четвёрка объёмом 999 см³ выдаёт 150 л.с. и 108 Нм крутящего момента. Оснащён алюминиевой рамой, полностью регулируемой подвеской, радиальными тормозами с ABS и трёхрежимным трекшн-контролем.","14000","1400","9800","11200","12600","14000","16000","11500","9500","8000","20000","https://inmctohsodgdohamhzag.supabase.co/storage/v1/object/public/carpix/suzuki-gsx-s1000f/image_1.jpg","https://inmctohsodgdohamhzag.supabase.co/storage/v1/object/public/carpix/suzuki-gsx-s1000f/image_1.jpg","ABS; Трекшн-контроль (3 режима); Полуобтекатель; Перевернутая вилка 43 мм; Радиальные тормозные суппорты; Алюминиевая рама; Suzuki Easy Start System; Инжектор SDTV","110","","","150","108","255","280","Бензин, 17 л","","214","810","Дисковые Brembo (радиальные), ABS","Перевёрнутая вилка 43 мм, задний моноамортизатор (регулируемые)","Алюминиевая","Цепь, 6-ступенчатая","Чёрный","","999","АИ-95","17","6-ступенчатая","Жидкостное","/rent/suzuki-gsx-s1000f","{""rent"": 1, ""sale"": false, ""type"": ""ICE"", ""year"": ""2020"", ""color"": ""Чёрный"", ""drive"": ""Цепь, 6-ступенчатая"", ""rating"": 4.9, ""source"": ""https://bikeswiki.ru/Suzuki_GSX-S1000"", ""battery"": ""Бензин, 17 л"", ""cooling"": ""Жидкостное"", ""gallery"": [""https://inmctohsodgdohamhzag.supabase.co/storage/v1/object/public/carpix/suzuki-gsx-s1000f/image_1.jpg""], ""features"": [""ABS"", ""Трекшн-контроль (3 режима)"", ""Полуобтекатель"", ""Перевернутая вилка 43 мм"", ""Радиальные тормозные суппорты"", ""Алюминиевая рама"", ""Suzuki Easy Start System"", ""Инжектор SDTV""], ""power_hp"": ""150"", ""power_kw"": ""110"", ""range_km"": ""280"", ""subtitle"": ""Suzuki GSX-S1000F"", ""engine_cc"": ""999"", ""fuel_type"": ""АИ-95"", ""price_rub"": 1000000, ""rent_2_4d"": 11500, ""torque_nm"": ""108"", ""weight_kg"": ""214"", ""brake_type"": ""Дисковые Brembo (радиальные), ABS"", ""brand_type"": ""manufacturer_data"", ""buy_colors"": [{""id"": ""black"", ""hex"": ""#1a1a1a"", ""label"": ""Glass Sparkle Black""}], ""dailyPrice"": 14000, ""frame_type"": ""Алюминиевая"", ""rent_5_10d"": 9500, ""sale_price"": 0, ""sold_count"": 0, ""tires_rear"": ""190/50ZR17"", ""access_tier"": ""pro"", ""deposit_rub"": 20000, ""rent_11_30d"": 8000, ""spec_labels"": {""type"": ""Тип"", ""year"": ""Год"", ""color"": ""Цвет"", ""drive"": ""Привод"", ""rating"": ""Рейтинг"", ""battery"": ""Батарея"", ""cooling"": ""Охлаждение"", ""power_hp"": ""Мощность (л.с.)"", ""power_kw"": ""Макс. мощность"", ""range_km"": ""Запас хода"", ""engine_cc"": ""Объём двигателя"", ""fuel_type"": ""Тип топлива"", ""price_rub"": ""Цена"", ""rent_2_4d"": ""Аренда (2–4 суток)"", ""torque_nm"": ""Крутящий момент"", ""weight_kg"": ""Масса"", ""brake_type"": ""Тормоза"", ""brand_type"": ""Тип бренда"", ""dailyPrice"": ""Аренда (сутки)"", ""frame_type"": ""Рама"", ""rent_5_10d"": ""Аренда (5–10 суток)"", ""sale_price"": ""Цена продажи"", ""tires_rear"": ""Задняя резина"", ""access_tier"": ""Уровень доступа"", ""rent_11_30d"": ""Аренда (11–30 суток)"", ""tires_front"": ""Передняя резина"", ""bike_subtype"": ""Тип мотоцикла"", ""price_per_3h"": ""Аренда (3 часа)"", ""price_per_6h"": ""Аренда (6 часов)"", ""rent_weekday"": ""Аренда (будни)"", ""rent_weekend"": ""Аренда (выходные)"", ""transmission"": ""Трансмиссия"", ""wheelbase_mm"": ""Колёсная база"", ""dimensions_mm"": ""Габариты"", ""license_class"": ""Категория прав"", ""price_per_12h"": ""Аренда (12 часов)"", ""top_speed_kmh"": ""Макс. скорость"", ""price_per_hour"": ""Аренда (1 час)"", ""seat_height_mm"": ""Высота по седлу"", ""fuel_capacity_l"": ""Объём бака"", ""suspension_type"": ""Подвеска"", ""recommend_percent"": ""Рекомендация"", ""ground_clearance_mm"": ""Дорожный просвет"", ""fuel_consumption_l_100km"": ""Расход топлива""}, ""tires_front"": ""120/70ZR17"", ""bike_subtype"": ""Sport-Touring (ICE)"", ""price_per_3h"": 9800, ""price_per_6h"": 11200, ""rent_weekday"": 14000, ""rent_weekend"": 16000, ""transmission"": ""6-ступенчатая"", ""wheelbase_mm"": ""1460"", ""dimensions_mm"": ""2115 x 795 x 1180"", ""license_class"": ""А"", ""price_per_12h"": 12600, ""top_speed_kmh"": ""255"", ""price_per_hour"": 1400, ""seat_height_mm"": ""810"", ""fuel_capacity_l"": ""17"", ""suspension_type"": ""Перевёрнутая вилка 43 мм, задний моноамортизатор (регулируемые)"", ""recommend_percent"": 93, ""ground_clearance_mm"": ""140"", ""bike_engine_spec_line_1"": ""рабочий объем 999 куб. см, мощность 150 л.с."", ""bike_engine_spec_line_2"": ""максимальная конструктивная скорость 255 км/ч"", ""bike_engine_spec_line_3"": """", ""fuel_consumption_l_100km"": ""5.9""}"
"wenbox-u2-pro","Wenbox","U2 Pro","Electric Scooter","Electric","2025","M (до 50 см³) / B (с примечаниями)","Электроскутер Wenbox U2 Pro 1500W 45Ah — мощный двигатель 1500 Вт, железо-фосфатный аккумулятор 60V 45Ah, запас хода до 120 км, скорость до 70 км/ч. 16-дюймовые колёса, гидравлические тормоза, двойное сиденье, бокс. Идеален для города и лёгкого бездорожья.","4000","1500","3000","3500","4000","4000","5500","3000","2500","2000","20000","https://inmctohsodgdohamhzag.supabase.co/storage/v1/object/public/carpix/wenbox-u2-pro/image_1.jpg","https://inmctohsodgdohamhzag.supabase.co/storage/v1/object/public/carpix/wenbox-u2-pro/image_1.jpg|https://inmctohsodgdohamhzag.supabase.co/storage/v1/object/public/carpix/wenbox-u2-pro/image_2.jpg|https://inmctohsodgdohamhzag.supabase.co/storage/v1/object/public/carpix/wenbox-u2-pro/image_3.jpg|https://inmctohsodgdohamhzag.supabase.co/storage/v1/object/public/carpix/wenbox-u2-pro/image_4.jpg","Мотор-колесо мощностью 1500 Вт; Железо-фосфатный аккумулятор 60V 45Ah (LiFePO4); Запас хода до 100-120 км; Максимальная скорость 70 км/ч; 16-дюймовые колёса с передней и задней амортизацией; Гидравлическая дисковая тормозная система; Мягкое двойное сиденье для двух человек; Бокс для хранения в центре; Передняя мотоциклетная вилка; Ударопрочный корпус; LED-оптика; Звуковой сигнал, подножка; Время зарядки 7-9 часов","1.5","1.5","1.5","","120","70","120","60V 45Ah (LiFePO4, железо-фосфатный)","60","74","760","Гидравлические дисковые тормоза","","Стальная рама, ударопрочный корпус","Мотор-колесо, ременной привод","Бежевый","7-9","","","","Автомат (прямой привод)","","/rent/wenbox-u2-pro","{""rent"": true, ""sale"": true, ""type"": ""Electric"", ""year"": ""2025"", ""color"": ""Бежевый"", ""drive"": ""Мотор-колесо, ременной привод"", ""rating"": 4.7, ""source"": ""https://sigvey.ru/goods/elektroskuter-wenbox-u2-pro-1500-w-45-ah"", ""battery"": ""60V 45Ah (LiFePO4, железо-фосфатный)"", ""country"": ""Китай"", ""gallery"": [""https://inmctohsodgdohamhzag.supabase.co/storage/v1/object/public/carpix/wenbox-u2-pro/image_1.jpg"", ""https://inmctohsodgdohamhzag.supabase.co/storage/v1/object/public/carpix/wenbox-u2-pro/image_2.jpg"", ""https://inmctohsodgdohamhzag.supabase.co/storage/v1/object/public/carpix/wenbox-u2-pro/image_3.jpg"", ""https://inmctohsodgdohamhzag.supabase.co/storage/v1/object/public/carpix/wenbox-u2-pro/image_4.jpg""], ""features"": [""Мотор-колесо мощностью 1500 Вт"", ""Железо-фосфатный аккумулятор 60V 45Ah (LiFePO4)"", ""Запас хода до 100-120 км"", ""Максимальная скорость 70 км/ч"", ""16-дюймовые колёса с передней и задней амортизацией"", ""Гидравлическая дисковая тормозная система"", ""Мягкое двойное сиденье для двух человек"", ""Бокс для хранения в центре"", ""Передняя мотоциклетная вилка"", ""Ударопрочный корпус"", ""LED-оптика"", ""Звуковой сигнал, подножка"", ""Время зарядки 7-9 часов""], ""power_kw"": ""1.5"", ""range_km"": ""120"", ""subtitle"": ""Wenbox U2 Pro — 1500 Вт, 45 Ач, до 120 км"", ""warranty"": ""1 год"", ""price_rub"": 150000, ""rent_2_4d"": 3000, ""torque_nm"": ""120"", ""voltage_v"": ""60"", ""weight_kg"": ""74"", ""brake_type"": ""Гидравлические дисковые тормоза"", ""brand_type"": ""dealer_data"", ""buy_colors"": [{""id"": ""beige"", ""hex"": ""#e8d5b7"", ""label"": ""Бежевый""}, {""id"": ""black"", ""hex"": ""#1a1a1a"", ""label"": ""Черный""}], ""charging_a"": ""10"", ""dailyPrice"": 4000, ""frame_type"": ""Стальная рама, ударопрочный корпус"", ""rent_5_10d"": 2500, ""sale_price"": 150000, ""sold_count"": 8, ""tires_rear"": ""16 дюймов"", ""access_tier"": ""entry"", ""buy_options"": [{""id"": ""standard-45"", ""label"": ""Standard 45Ah"", ""subtitle"": ""Батарея 60V 45Ah, запас хода 120 км"", ""priceDelta"": 0}, {""id"": ""long-range"", ""label"": ""Long Range"", ""subtitle"": ""Запас хода до 150 км"", ""priceDelta"": 15000}], ""charging_kw"": ""1.5"", ""deposit_rub"": 20000, ""max_load_kg"": ""200"", ""rent_11_30d"": 2000, ""spec_labels"": {""type"": ""Тип"", ""year"": ""Год"", ""color"": ""Цвет"", ""drive"": ""Привод"", ""rating"": ""Рейтинг"", ""battery"": ""Батарея"", ""country"": ""Страна производства"", ""power_kw"": ""Мощность"", ""range_km"": ""Запас хода"", ""warranty"": ""Гарантия"", ""price_rub"": ""Цена"", ""rent_2_4d"": ""Аренда (2–4 суток)"", ""torque_nm"": ""Крутящий момент"", ""voltage_v"": ""Напряжение"", ""weight_kg"": ""Масса"", ""brake_type"": ""Тормоза"", ""charging_a"": ""Зарядный ток"", ""dailyPrice"": ""Аренда (сутки)"", ""frame_type"": ""Рама"", ""rent_5_10d"": ""Аренда (5–10 суток)"", ""sale_price"": ""Цена продажи"", ""sold_count"": ""Продано"", ""tires_rear"": ""Задние колёса"", ""access_tier"": ""Уровень доступа"", ""charging_kw"": ""Мощность зарядки"", ""max_load_kg"": ""Макс. нагрузка"", ""rent_11_30d"": ""Аренда (11–30 суток)"", ""tires_front"": ""Передние колёса"", ""bike_subtype"": ""Тип ТС"", ""manufacturer"": ""Производитель"", ""price_per_2h"": ""Аренда (2 часа)"", ""price_per_3h"": ""Аренда (3 часа)"", ""price_per_6h"": ""Аренда (6 часов)"", ""rent_weekday"": ""Аренда (будни)"", ""rent_weekend"": ""Аренда (выходные)"", ""charge_time_h"": ""Время зарядки"", ""dimensions_mm"": ""Габариты"", ""license_class"": ""Категория прав"", ""motor_peak_kw"": ""Пиковая мощность"", ""price_per_12h"": ""Аренда (12 часов)"", ""top_speed_kmh"": ""Макс. скорость"", ""price_per_hour"": ""Аренда (1 час)"", ""seat_height_mm"": ""Высота по седлу"", ""wheel_size_inch"": ""Диаметр колёс"", ""rent_price_label"": ""Аренда"", ""package_weight_kg"": ""Вес с упаковкой"", ""recommend_percent"": ""Рекомендация"", ""rent_weekday_hour"": ""Аренда (будни, час)"", ""rent_weekend_hour"": ""Аренда (выходные, час)""}, ""tires_front"": ""16 дюймов"", ""bike_subtype"": ""Electric Scooter"", ""manufacturer"": ""Wenbox"", ""price_per_2h"": 2500, ""price_per_3h"": 3000, ""price_per_6h"": 3500, ""rent_weekday"": 4000, ""rent_weekend"": 5500, ""transmission"": ""Автомат (прямой привод)"", ""wheelbase_mm"": ""1350"", ""charge_time_h"": ""7-9"", ""dimensions_mm"": ""1500 x 400 x 650 (упаковка)"", ""license_class"": ""M (до 50 см³) / B (с примечаниями)"", ""motor_peak_kw"": ""1.5"", ""price_per_12h"": 4000, ""top_speed_kmh"": ""70"", ""price_per_hour"": 1500, ""seat_height_mm"": ""760"", ""wheel_size_inch"": ""16"", ""motor_nominal_kw"": ""1.5"", ""rent_price_label"": ""4 000 ₽/день (будни) · 5 500 ₽/день (выходные)"", ""package_weight_kg"": ""79"", ""recommend_percent"": 95, ""rent_weekday_hour"": 1500, ""rent_weekend_hour"": 2000, ""bike_engine_spec_line_1"": ""мощность двигателя (номинальная) 1.5 кВт"", ""bike_engine_spec_line_2"": ""максимальная конструктивная скорость 70 км/ч"", ""bike_engine_spec_line_3"": ""аккумулятор: тип/ёмкость 60V 45Ah (LiFePO4, железо-фосфатный)""}"
"y-volt-surge-v","Y-VOLT","Surge V","Electric Enduro","Electric","2025","А (35 кВт, эквивалент 125+ сс)","Флагманский электроэндуро Y-VOLT Surge V 35 кВт (48 л.с.): кованая алюминиевая рама Triple-Beam, 96V синусоидальный векторный контроллер, батарея Greenway 97.2V 45Ah (Samsung-50S). Разгон 0–96 км/ч за 4 секунды, крутящий момент 948 Нм на заднем колесе. Четыре режима: Eco, Standard, Sport, Off-road. FASTACE подвеска (ход 245/300 мм), 4-поршневые тормоза, LED-оптика StarLoop, NFC, GPS-трекер.","12000","8000","15000","16000","18000","20000","25000","16000","13000","12000","20000","https://inmctohsodgdohamhzag.supabase.co/storage/v1/object/public/carpix/y-volt-surge-v/image_1.jpg","https://inmctohsodgdohamhzag.supabase.co/storage/v1/object/public/carpix/y-volt-surge-v/image_1.jpg|https://inmctohsodgdohamhzag.supabase.co/storage/v1/object/public/carpix/y-volt-surge-v/image_2.jpg|https://inmctohsodgdohamhzag.supabase.co/storage/v1/object/public/carpix/y-volt-surge-v/image_3.jpg|https://inmctohsodgdohamhzag.supabase.co/storage/v1/object/public/carpix/y-volt-surge-v/image_4.jpg|https://inmctohsodgdohamhzag.supabase.co/storage/v1/object/public/carpix/y-volt-surge-v/image_5.jpg|https://inmctohsodgdohamhzag.supabase.co/storage/v1/object/public/carpix/y-volt-surge-v/image_6.jpg","NFC запуск по картам; 96V синусоидальный векторный контроллер; 4 режима мощности: Eco / Standard / Sport / Off-road; FASTACE подвеска: вилка 245 мм (50 мм перья) + моноамортизатор 300 мм ход колеса; 4-поршневые гидравлические суппорты; диски 220 мм; Кованая алюминиевая рама Triple-Beam; LED адаптивная фара + контурная подсветка StarLoop; HD Smart мульти-дисплей; Мобильное приложение: GPS-позиционирование; настройка мощности; Карбоновые элементы: защита замка; задняя ручка; Датчики педали и отклонённой подножки","35","35","15","","948","125","150","72V 45Ah","96","92.5","900","Гидравлические 4-поршневые суппорты, диски 220 мм","FASTACE — телескопическая вилка, задний моноамортизатор","Кованый алюминиевый сплав (Triple-Beam)","Reduction gear + Chain 520 O-ring","Белый / Серый","3","","","","","","/rent/y-volt-surge-v","{""vin"": ""HJDLEZZN2T3A001000"", ""make"": ""Y-VOLT"", ""rent"": ""true"", ""sale"": ""true"", ""type"": ""Electric"", ""year"": ""2025"", ""color"": ""Белый / Серый"", ""drive"": ""Reduction gear + Chain 520 O-ring"", ""model"": ""Surge V"", ""hidden"": ""false"", ""rating"": ""4.9"", ""source"": ""https://m.vk.ru/product-171948289_13745765"", ""battery"": ""72V 45Ah"", ""gallery"": [""https://inmctohsodgdohamhzag.supabase.co/storage/v1/object/public/carpix/y-volt-surge-v/image_1.jpg"", ""https://inmctohsodgdohamhzag.supabase.co/storage/v1/object/public/carpix/y-volt-surge-v/image_2.jpg"", ""https://inmctohsodgdohamhzag.supabase.co/storage/v1/object/public/carpix/y-volt-surge-v/image_3.jpg"", ""https://inmctohsodgdohamhzag.supabase.co/storage/v1/object/public/carpix/y-volt-surge-v/image_4.jpg"", ""https://inmctohsodgdohamhzag.supabase.co/storage/v1/object/public/carpix/y-volt-surge-v/image_5.jpg"", ""https://inmctohsodgdohamhzag.supabase.co/storage/v1/object/public/carpix/y-volt-surge-v/image_6.jpg""], ""features"": ""NFC запуск по картам,96V синусоидальный векторный контроллер,4 режима мощности: Eco / Standard / Sport / Off-road,FASTACE подвеска: вилка 245 мм (50 мм перья) + моноамортизатор 300 мм ход колеса,4-поршневые гидравлические суппорты, диски 220 мм,Кованая алюминиевая рама Triple-Beam,LED адаптивная фара + контурная подсветка StarLoop,HD Smart мульти-дисплей,Мобильное приложение: GPS-позиционирование, настройка мощности,Карбоновые элементы: защита замка, задняя ручка,Датчики педали и отклонённой подножки"", ""motor_hp"": ""48"", ""power_kw"": ""35"", ""range_km"": ""150"", ""subtitle"": ""Y-VOLT Surge V 35 кВт — dual color edition"", ""warranty"": ""1 год (расширение до 3 лет)"", ""price_rub"": ""550000"", ""rent_2_4d"": ""16000"", ""torque_nm"": ""948"", ""video_url"": ""https://inmctohsodgdohamhzag.supabase.co/storage/v1/object/public/carpix/y-volt-surge-v/promo.mp4"", ""voltage_v"": ""96"", ""weight_kg"": ""92.5"", ""brake_type"": ""Гидравлические 4-поршневые суппорты, диски 220 мм"", ""brand_type"": ""official_reseller"", ""buy_colors"": ""[object Object],[object Object]"", ""charging_a"": ""15"", ""dailyPrice"": ""20000"", ""frame_type"": ""Кованый алюминиевый сплав (Triple-Beam)"", ""rent_5_10d"": ""13000"", ""sale_price"": ""550000"", ""sold_count"": ""63"", ""tires_rear"": ""100/90-18 CST"", ""access_tier"": ""pro"", ""buy_options"": ""[object Object],[object Object],[object Object]"", ""deposit_rub"": 20000, ""max_load_kg"": ""120"", ""rent_11_30d"": ""12000"", ""spec_labels"": ""[object Object]"", ""tires_front"": ""80/100-19 CST"", ""bike_subtype"": ""Electric Enduro"", ""price_per_2h"": ""12000"", ""price_per_3h"": ""15000"", ""price_per_6h"": ""16000"", ""range_eco_km"": ""150"", ""rent_weekday"": ""20000"", ""rent_weekend"": ""25000"", ""charge_time_h"": ""3"", ""dimensions_mm"": ""2000 x 830 x 1170"", ""license_class"": ""А (35 кВт, эквивалент 125+ сс)"", ""motor_peak_kw"": ""35"", ""price_per_12h"": ""18000"", ""top_speed_kmh"": ""125"", ""color_variants"": ""[object Object]"", ""price_per_hour"": ""8000"", ""rake_angle_deg"": ""27.3"", ""range_mixed_km"": ""120"", ""seat_height_mm"": ""900"", ""suspension_rear"": ""FASTACE газомасляный, ход колеса 300 мм, ход штока 85 мм"", ""suspension_type"": ""FASTACE — телескопическая вилка, задний моноамортизатор"", ""discount_percent"": ""6"", ""motor_nominal_kw"": ""15"", ""range_offroad_km"": ""80"", ""rent_price_label"": ""20 000 ₽/день (будни) · 25 000 ₽/день (выходные)"", ""suspension_front"": ""FASTACE, ход 245 мм, перья 50 мм, полная гидрорегулировка"", ""recommend_percent"": ""98"", ""rent_weekday_hour"": ""8000"", ""rent_weekend_hour"": ""10000"", ""original_price_rub"": ""590000"", ""acceleration_0_96_s"": ""4"", ""ground_clearance_mm"": ""310"", ""continuous_current_a"": ""154.3"", ""bike_engine_spec_line_1"": ""мощность двигателя (номинальная) 35 кВт"", ""bike_engine_spec_line_2"": ""максимальная конструктивная скорость 125 км/ч"", ""bike_engine_spec_line_3"": ""аккумулятор: тип/ёмкость 97.2V 45Ah (Greenway, Samsung-50S Ternary Lithium, 4.32 kWh)""}"
"yamaha-r7","Yamaha","R7","Спортбайк, бензиновый","ICE","2022","A","Yamaha R7 — спортивный мотоцикл с 689-кубовым рядным twin-двигателем CP2, 73 л.с. и крутящим моментом 67 Нм. Assist & Slipper сцепление, полностью регулируемая перевёрнутая вилка 41 мм. Вес 188 кг, высота по седлу 835 мм. Категория A.","10000","1200","5400","7200","9600","12000","14000","10800","9000","7800","20000","https://inmctohsodgdohamhzag.supabase.co/storage/v1/object/public/carpix/yamaha-r7/image_1.jpg","https://inmctohsodgdohamhzag.supabase.co/storage/v1/object/public/carpix/yamaha-r7/image_1.jpg","Двигатель CP2 с 270° коленвалом — отличный звук и тяга; Assist & Slipper сцепление; Полностью регулируемая перевёрнутая вилка 41 мм; Трэкшн-контроль; Светодиодная оптика; Спортбайковская посадка","54","","","73","67","225","300","","","188","835","Дисковые гидравлические (передние 2×298 мм, задний 245 мм), ABS","Перевёрнутая вилка 41 мм, задний моноамортизатор","Стальная Diamond","Цепь, 6-ступенчатая","","","689","АИ-95","13","6-ступенчатая","Жидкостное","","{""vin"": ""RM39J-00048"", ""make"": ""Yamaha"", ""rent"": ""1"", ""type"": ""ICE"", ""year"": ""2022"", ""drive"": ""Цепь, 6-ступенчатая"", ""model"": ""R7"", ""rating"": ""4.8"", ""cooling"": ""Жидкостное"", ""gallery"": [""https://inmctohsodgdohamhzag.supabase.co/storage/v1/object/public/carpix/yamaha-r7/image_1.jpg""], ""features"": ""Двигатель CP2 с 270° коленвалом — отличный звук и тяга,Assist & Slipper сцепление,Полностью регулируемая перевёрнутая вилка 41 мм,Трэкшн-контроль,Светодиодная оптика,Спортбайковская посадка"", ""power_hp"": ""73"", ""power_kw"": ""54"", ""range_km"": ""300"", ""subtitle"": ""Yamaha R7"", ""engine_cc"": ""689"", ""fuel_type"": ""АИ-95"", ""rent_2_4d"": ""10800"", ""torque_nm"": ""67"", ""weight_kg"": ""188"", ""brake_type"": ""Дисковые гидравлические (передние 2×298 мм, задний 245 мм), ABS"", ""brand_type"": ""manufacturer_data"", ""buy_colors"": ""[object Object],[object Object],[object Object]"", ""dailyPrice"": ""12000"", ""frame_type"": ""Стальная Diamond"", ""rent_5_10d"": ""9000"", ""tires_rear"": ""180/55-ZR17"", ""access_tier"": ""pro"", ""deposit_rub"": 20000, ""rent_11_30d"": ""7800"", ""spec_labels"": ""[object Object]"", ""tires_front"": ""120/70-ZR17"", ""bike_subtype"": ""Спортбайк, бензиновый"", ""price_per_2h"": ""3000"", ""price_per_3h"": ""5400"", ""price_per_6h"": ""7200"", ""rent_weekday"": ""12000"", ""rent_weekend"": ""14000"", ""transmission"": ""6-ступенчатая"", ""wheelbase_mm"": ""1395"", ""dimensions_mm"": ""2070 x 705 x 1160"", ""license_class"": ""A"", ""price_per_12h"": ""9600"", ""top_speed_kmh"": ""225"", ""price_per_hour"": ""1200"", ""seat_height_mm"": ""835"", ""fuel_capacity_l"": ""13"", ""suspension_type"": ""Перевёрнутая вилка 41 мм, задний моноамортизатор"", ""ground_clearance_mm"": ""135""}"
